YEAR,DOY,T2M,T2M_MIN,T2M_MAX,PRECTOTCORR
2000,1,15.92,8.43,24.78,0
2000,2,15.78,10.05,24.17,0
2000,3,14.69,9.27,23.87,0
2000,4,15.67,8.81,23.76,0
2000,5,14.81,7.28,23.29,0
2000,6,14.81,8.17,23.84,0
2000,7,15.71,10.39,23.58,0
2000,8,15.32,9.88,22.75,0
2000,9,15.83,9.66,23.93,0
2000,10,14.68,8.54,22.98,0
2000,11,14,11.42,17.68,1.08
2000,12,14.1,10.61,19.82,33.65
2000,13,13.17,7.14,17.34,0.46
2000,14,8.16,1.55,15.86,0.25
2000,15,8.44,2.74,16.93,0
2000,16,8.26,2.57,17.01,0
2000,17,9.06,1.44,19.7,0
2000,18,12.73,4.36,23.61,0
2000,19,14.19,7.83,23.8,0.01
2000,20,12.2,5.92,19.28,0
2000,21,14.24,5.85,23.05,0
2000,22,16.53,9.89,25.01,0
2000,23,15.6,10.25,23.74,0
2000,24,16.08,9.57,24.71,0
2000,25,14.79,9.92,23.59,1.53
2000,26,13.82,8.23,20.11,0
2000,27,12.97,7.32,20.92,0.07
2000,28,12.45,5.54,22.5,0
2000,29,13.14,3.83,24.75,0
2000,30,15.96,8.27,25.46,0
2000,31,13.29,6.73,22.62,2.41
2000,32,11.99,4.4,21.86,2.46
2000,33,12.03,6.38,18.02,0.78
2000,34,13.21,6.68,22.12,0
2000,35,10.74,7.42,14.18,1.3
2000,36,12.48,7.78,18.99,0.37
2000,37,12.75,6.82,20.16,0.05
2000,38,13.81,6.68,22.21,0
2000,39,13.35,5.89,21.51,0
2000,40,13.75,7.47,22.07,1.09
2000,41,11.44,8.08,18.3,3.44
2000,42,11.08,7.15,17.06,7.72
2000,43,10.78,6.03,17.51,0.54
2000,44,11.43,3.62,19.47,0
2000,45,13.04,6.46,22.47,0
2000,46,15.37,8.14,24.79,0
2000,47,14.27,6.66,23.28,0
2000,48,14.27,8.16,23.33,0
2000,49,13.61,7.83,21.54,0
2000,50,13.35,6.54,22.39,0.03
2000,51,14.31,7.26,23.34,0.54
2000,52,13.29,5.7,21.88,0
2000,53,13.78,5.35,22.95,0
2000,54,14.54,6.38,24.39,0
2000,55,13.54,5.22,23.91,0.01
2000,56,14.39,5.34,24.46,0
2000,57,16.2,7.84,25.17,0
2000,58,16.43,8.27,26.76,0
2000,59,18.11,9.06,29.16,0
2000,60,19.2,12.23,27.5,0
2000,61,20.01,12.96,29.07,0
2000,62,18.39,11.3,27.66,0
2000,63,18.43,9.81,28.13,0
2000,64,17.42,10.11,27.71,0
2000,65,14.99,7.1,24.81,0
2000,66,15.82,6.37,25.41,0
2000,67,17.14,8.55,26.54,0.01
2000,68,17.09,8.18,27.63,0
2000,69,18.77,7.9,29.74,0
2000,70,20.24,11.05,30.76,0
2000,71,21.46,13.57,31.28,0
2000,72,20.79,13.22,30.97,0
2000,73,19.84,12.05,28.63,0.02
2000,74,19.58,11.01,29.36,0
2000,75,20.59,10.9,30.88,0
2000,76,21.91,11.26,31.65,0
2000,77,21.59,13.41,33.48,0.2
2000,78,19.33,11.6,30.09,0.08
2000,79,19.69,11.16,30.35,0
2000,80,19.91,10.87,29.21,0
2000,81,20.21,14.6,27.79,0.01
2000,82,20.35,11.8,29.72,0.28
2000,83,20.88,12.33,29.16,0.42
2000,84,21.11,12.36,31.01,0.42
2000,85,22.47,11.68,33.88,0
2000,86,24.15,13.74,35.84,0
2000,87,25.11,14.69,36.34,0
2000,88,26.92,17.39,36.94,0
2000,89,27.99,18.35,38.11,0
2000,90,27.15,19.56,36.72,0
2000,91,27.7,19.28,37.94,0.03
2000,92,26.37,17.96,35.98,0
2000,93,26.12,15.88,37.15,0
2000,94,28.2,19.8,38.26,0
2000,95,28.32,19.7,39.45,0
2000,96,25.21,13.89,37.31,0
2000,97,26.48,15.09,37.1,0
2000,98,27.02,17.57,37.81,0
2000,99,28.39,19.41,38.53,0
2000,100,27.93,18.48,38.43,0
2000,101,28.78,18.15,40.67,0
2000,102,31.58,19.8,41.69,0
2000,103,34.16,23.82,43.41,0
2000,104,32.98,21.96,43.01,0
2000,105,33.6,26.87,42.34,0.04
2000,106,31.72,22.67,40.54,0
2000,107,31.89,22.1,41.2,0
2000,108,33.13,23.32,43.05,0
2000,109,34.07,24.5,44.19,0
2000,110,34.09,24.83,42.71,0.03
2000,111,33.51,23.91,43.34,0.02
2000,112,33.92,24.66,43.63,0
2000,113,33.69,24.76,41.82,0
2000,114,33.52,27.56,41.3,0
2000,115,33.53,23.89,42.5,0
2000,116,35.36,26.84,44.56,0
2000,117,34.9,25.07,44.57,0.12
2000,118,34.54,26.37,42.87,0
2000,119,32.86,22.92,41.69,0.13
2000,120,32.27,23.03,41.44,0
2000,121,33.01,23.33,42.8,0
2000,122,33.88,23.2,44.82,0
2000,123,34.96,22.8,47.07,0
2000,124,37.7,26.73,47.57,0
2000,125,36.47,27.68,46.3,0.13
2000,126,34.86,28.06,43.11,0.11
2000,127,34.46,25.08,43.86,1.43
2000,128,32.91,24.57,40.92,0.11
2000,129,33.14,24.17,41.39,0
2000,130,35.37,26.06,43.53,0
2000,131,36.86,27.71,44.66,0
2000,132,38.1,29.16,46.65,0
2000,133,38.69,30,46.4,0
2000,134,38.02,31.33,44.65,1.94
2000,135,37.43,30.14,44.49,0.22
2000,136,38.99,31.32,46.11,0
2000,137,38.14,30.98,45.39,0
2000,138,37.74,29.64,45.12,0
2000,139,38.13,29.55,46.58,0
2000,140,38.35,29.74,46.09,1.15
2000,141,39.32,31.15,47.22,0
2000,142,38.48,29.36,48.01,0
2000,143,38.66,28.71,47.44,0
2000,144,38.2,31.61,44.94,1.65
2000,145,37.99,31.42,44.72,0
2000,146,38.79,31.03,46.26,0
2000,147,37.6,29.09,45.25,4.07
2000,148,37.7,29.99,46.06,0.02
2000,149,37.5,28.73,46.18,0
2000,150,38.05,29.41,46.58,0
2000,151,37.56,29.55,44.86,0.01
2000,152,36.99,30.29,43.48,1.97
2000,153,37.62,30.26,44.77,0
2000,154,38.9,29.54,46.41,0
2000,155,38.29,31.81,44.92,0.53
2000,156,37.34,31.31,44.38,0.53
2000,157,36.28,27.85,43.38,0.12
2000,158,37.6,29.13,44.87,0
2000,159,35.29,27.93,42.27,3.47
2000,160,34.89,27.47,42.44,2.36
2000,161,31.9,26.63,37.22,9.63
2000,162,31.77,25.53,38.44,1.27
2000,163,34.78,26.41,42.12,0
2000,164,36.88,27.88,44.12,0
2000,165,38.23,29.69,45.17,0
2000,166,38.76,30.9,45.95,0.13
2000,167,39.15,31.65,46.75,0
2000,168,39.04,31.6,46.88,0
2000,169,38.05,30.67,46.8,0.35
2000,170,37.86,28.99,46.35,0
2000,171,37.83,30,45.49,0
2000,172,37.69,29.79,44.8,0.07
2000,173,38.23,30.5,45.07,0.54
2000,174,38.8,30.9,46.33,4.33
2000,175,33.88,28.29,39.2,18.6
2000,176,35.48,28.71,41.86,1.15
2000,177,36.58,29.57,42.88,0
2000,178,36.53,30.58,42.47,0.01
2000,179,36.76,29.5,43.91,1.7
2000,180,37.21,30.32,43.76,0
2000,181,37.82,31.33,43.73,0.02
2000,182,36.59,31.51,41.83,0.17
2000,183,36.11,31.77,41.38,3.46
2000,184,34.93,29.68,40.1,2.43
2000,185,36.19,29.3,41.86,0.05
2000,186,37.09,32.25,42.68,0.46
2000,187,37.89,31.67,43.88,0
2000,188,39.77,31.93,46.66,0
2000,189,41,35.33,47.16,0.01
2000,190,39.96,34.76,45.49,0.54
2000,191,39.41,33.24,45.63,1.07
2000,192,39.94,34.04,46.06,0.83
2000,193,39.48,33.16,45.31,0.29
2000,194,36.85,31.63,42.37,0.67
2000,195,35.62,31.43,40.54,0.75
2000,196,35.36,32.24,38.63,2.39
2000,197,34.33,30.57,39.62,0.72
2000,198,34.69,29.82,40.55,1.72
2000,199,34.15,28.85,40.61,1.99
2000,200,35.22,28.84,41.6,2.75
2000,201,34.91,30.22,40.86,1.97
2000,202,34.8,30.09,40.06,2.06
2000,203,32.68,29.16,35.86,15.8
2000,204,29.67,27.09,32.36,6.62
2000,205,29.7,26.01,34.09,19.21
2000,206,30.42,26.72,33.74,12.57
2000,207,33.71,27.15,39.87,1.48
2000,208,35.21,28.19,41.67,0.02
2000,209,35.4,28.5,41.98,0
2000,210,34.88,28.78,41.87,0
2000,211,32.84,27.75,38.7,0
2000,212,34.96,28.38,41.96,0.39
2000,213,35.31,29.16,42.11,0.76
2000,214,34.07,28.68,40.19,4.94
2000,215,33.11,28.43,38.45,2.57
2000,216,32.72,28.07,38.13,1.38
2000,217,33.42,26.97,39.8,0.01
2000,218,35.39,29.24,41.47,0
2000,219,36.13,29.58,42.5,0
2000,220,36.46,30.13,43.08,0
2000,221,36.66,30.8,43.3,0
2000,222,36.01,31.41,41.94,0.51
2000,223,33.01,29.74,37.57,8.96
2000,224,33.13,28.24,38.44,2.08
2000,225,33.69,28.04,39.11,0.22
2000,226,34.84,29.34,40.24,0.48
2000,227,35.33,29.41,41.66,2.05
2000,228,35.47,29.68,41.82,1.9
2000,229,36.94,31.74,42.88,1.35
2000,230,36.79,30.79,43.08,0.4
2000,231,36.74,31.33,42.94,0.17
2000,232,34.93,29.21,40.86,2.05
2000,233,34.94,27.9,41.67,0.01
2000,234,36.16,29.42,42.73,0.23
2000,235,35.44,29.77,42.13,1.87
2000,236,35.01,28.72,41.61,0.12
2000,237,35.64,28.34,42.46,0.01
2000,238,36.62,29.8,42.9,0
2000,239,35.89,29.93,41.61,0
2000,240,36,29.51,42.65,1.08
2000,241,36.85,30.41,44,3.16
2000,242,36.87,31.28,43.5,1.76
2000,243,34.72,29.43,40.55,15.96
2000,244,32.75,27.81,38.26,13.6
2000,245,33.38,27.13,39.79,0.46
2000,246,34.21,28.04,40.93,0
2000,247,34.33,27.31,41.84,0.02
2000,248,34.71,27.67,42.3,0.01
2000,249,35.02,28.16,42.57,0.06
2000,250,35.08,28.66,42.54,0
2000,251,34.54,28.13,41.77,2.19
2000,252,33.91,27.09,41.2,1.79
2000,253,34.22,28.6,40.95,2.6
2000,254,31.72,26.12,37.73,10.82
2000,255,32.43,26.3,39.12,0.01
2000,256,32.45,25.54,40.73,0
2000,257,32.68,25.54,40.55,0
2000,258,33.17,24.35,41.67,0
2000,259,33.55,24.91,41.48,0
2000,260,33.14,24.58,41.93,0
2000,261,32.82,24.31,41.68,0
2000,262,32.57,24.33,41.29,0
2000,263,32.44,24.16,40.98,0.01
2000,264,32.12,26.62,39.78,2.7
2000,265,30.95,24.48,38.3,2.59
2000,266,29.94,24.96,37.16,2.46
2000,267,29.6,22.81,37.29,0
2000,268,30.26,23.77,37.94,0.02
2000,269,30.8,23.27,38.96,0
2000,270,28.69,24.01,35.22,7.18
2000,271,28.83,21.98,36.84,0
2000,272,29,21.14,37.19,0
2000,273,29.12,21.25,38.25,0
2000,274,28.6,20.24,38.09,0
2000,275,28.44,20.11,38.54,0
2000,276,29.08,20.98,38.76,0
2000,277,29.8,21.53,39.51,0
2000,278,30.07,21.37,39.24,0
2000,279,29.66,22.84,39.12,0
2000,280,30.13,22.74,39.12,0
2000,281,31.04,24.52,39.43,0
2000,282,29.79,22.46,38.41,0
2000,283,29.62,22.21,38.57,0
2000,284,29.24,21.03,38.73,0
2000,285,28.44,20.19,37.95,0
2000,286,27.88,20.5,37.16,0
2000,287,27.28,19.4,37.14,0
2000,288,26.59,18.74,36.76,0
2000,289,27.47,19.36,38.37,0
2000,290,29.44,20.12,39.39,0
2000,291,29.92,20.96,39.27,0
2000,292,28.95,19.07,39.63,0
2000,293,28.04,19.5,38.99,0
2000,294,27.78,18.68,37.68,0
2000,295,28.72,19.61,38.82,0
2000,296,27.47,18.33,37.82,0
2000,297,26.41,16.57,36.58,0
2000,298,26.37,18.04,35.94,0
2000,299,26.09,18.75,36.26,0
2000,300,25.42,17.79,36.22,0
2000,301,25.36,16.26,36.62,0
2000,302,26,17.35,36.38,0
2000,303,24.22,15.03,34.49,0
2000,304,23.01,14.2,32.4,0
2000,305,23.32,16.07,33.15,0
2000,306,21.17,13.99,30.5,0
2000,307,21.88,13.72,32.68,0
2000,308,23.57,16.84,32.07,0
2000,309,24.81,18.62,32.29,0
2000,310,24.44,18.2,32.86,0
2000,311,24.16,15.48,33.64,0
2000,312,24.79,17.7,33.16,0
2000,313,22.65,15.51,31.64,0.01
2000,314,23.53,16.01,32.68,0.04
2000,315,22.26,16.13,30.28,0
2000,316,22.18,17.13,30.17,0
2000,317,21.8,15.34,30.54,0
2000,318,21.61,15.99,30.62,0.01
2000,319,20.11,13.48,29.7,0.02
2000,320,20,10.46,29.63,0
2000,321,22.35,15.05,30.07,0
2000,322,20.31,12.04,28.69,0
2000,323,18.85,12.21,27.66,0
2000,324,19.34,12.1,29.43,0
2000,325,20.85,12.5,30.06,0
2000,326,20.82,14.43,29.11,0
2000,327,21.04,13.2,28.87,0
2000,328,20.7,14.79,28.64,1.92
2000,329,18.81,13.52,26.99,1.38
2000,330,17.79,10.98,27.21,0
2000,331,19.24,12.62,26.76,0
2000,332,18.71,11.4,26.93,0
2000,333,18.02,12.29,26.83,0
2000,334,16.05,8.83,25.13,0
2000,335,15.25,8.63,25.09,0
2000,336,13.14,6.36,25.07,0
2000,337,14.01,4.94,25.1,0
2000,338,17.95,11.91,26.46,0
2000,339,17.34,11.14,26.58,0
2000,340,17.4,11.38,27.45,0
2000,341,17.35,10.7,27.02,0
2000,342,17.15,11.66,26.69,0.03
2000,343,16.54,10.35,26.92,0
2000,344,15.5,8.32,25.56,0
2000,345,16.38,8.88,24.94,0
2000,346,15.71,10.18,25.39,0
2000,347,15.28,6.57,25.59,0
2000,348,17.93,12.13,25.95,0
2000,349,17.61,11.15,26.81,0
2000,350,18.38,13.15,26.64,0
2000,351,19.27,14.45,26.92,1.6
2000,352,16.1,13.14,20.67,2.86
2000,353,15.37,9.6,24.24,0
2000,354,13.53,6.49,24.32,0
2000,355,13.1,5.24,25.01,0
2000,356,13.56,5.98,25.18,0
2000,357,14.05,6.36,24.08,0
2000,358,15.41,9.48,24.19,0
2000,359,13.95,8.36,23.6,0
2000,360,14.4,8.19,24.04,0
2000,361,14.8,8.37,24.07,0
2000,362,15.49,8.67,23.59,0
2000,363,13.81,8.2,23.29,0
2000,364,15.16,9.55,24.67,0
2000,365,15.91,8.65,25.28,0
2000,366,12.35,9.67,16.15,2.1
2001,1,11.91,8.38,16.63,2.28
2001,2,12.77,6.49,20.69,0
2001,3,12.23,6.47,20.39,0
2001,4,11.95,5.38,21.54,0
2001,5,11.84,4.22,21.6,0
2001,6,12.88,6.25,20.07,0
2001,7,10.8,4.98,19.11,0
2001,8,9.75,4.52,17.62,0
2001,9,10.26,2.86,20.86,0
2001,10,10.45,3.4,21.15,0
2001,11,11.33,4.51,20.16,0
2001,12,12.68,8.23,19.7,0
2001,13,11.39,4.76,21.34,0
2001,14,11.74,3.92,22.45,0
2001,15,13.33,7.32,22.54,0
2001,16,13.8,5.6,23.05,0
2001,17,14.16,7.25,21.73,0
2001,18,14.38,9.17,22.67,0
2001,19,13.75,7.91,22.89,0
2001,20,13.55,7.39,22.58,0
2001,21,12.94,4.95,22.31,0.01
2001,22,11.87,7.13,19.61,0.15
2001,23,11.22,4.46,20.49,0
2001,24,11.15,3.59,21.97,0
2001,25,12.7,3.6,23.46,0
2001,26,14.53,7.89,25.12,0
2001,27,14.03,5.07,26.26,0
2001,28,14.59,5.55,27.06,0
2001,29,15.4,7.39,25.97,0
2001,30,15.96,7.84,27.52,0
2001,31,13.38,7.31,23.69,0
2001,32,11.75,3.13,23,0
2001,33,11.95,3.04,23.39,0
2001,34,13.33,3.71,24.3,0
2001,35,13.67,4.42,23.5,0
2001,36,14.3,5.03,24.55,0
2001,37,14.6,7.62,25.41,0
2001,38,14.55,6.25,25.48,0
2001,39,15.64,6.83,27.11,0
2001,40,16.64,6.43,27.74,0
2001,41,16.92,8.88,28.09,0
2001,42,15.96,9.12,26.8,0
2001,43,15.88,8.36,27.29,0
2001,44,16.31,8.47,27.15,0.05
2001,45,17.92,11.09,27.99,0.1
2001,46,18.35,9.89,28.26,0
2001,47,17.54,11.62,24.42,0.15
2001,48,19.68,12.54,28.51,0
2001,49,19.29,13.17,28.97,0
2001,50,18.77,9.93,29.12,0
2001,51,19.55,13.7,27.81,1
2001,52,19.23,12.13,27.43,0.65
2001,53,20.9,14.21,29.92,0.01
2001,54,22.29,14.65,29.01,0.04
2001,55,21.47,14.6,29.95,0.19
2001,56,19.42,13.04,27.72,0.6
2001,57,18.19,9.73,26.8,0.76
2001,58,19.22,11.77,27.08,0
2001,59,18.02,9.61,27.98,0
2001,60,17.77,9.48,28.43,0.02
2001,61,18.23,8.07,30.13,0
2001,62,19.92,11.83,28.99,0
2001,63,19.08,11.13,29.63,0
2001,64,19.41,9.02,30.77,0
2001,65,21.09,11.01,31.89,0
2001,66,22.15,14.06,32.14,0
2001,67,21.82,12.79,32.01,0
2001,68,23.46,13.63,32.65,0
2001,69,24.51,15.08,33.12,0
2001,70,24.82,15.05,34.4,0
2001,71,23.88,15.56,33.45,0
2001,72,23.05,16.76,31.75,0.83
2001,73,22.12,14.05,31.85,0.15
2001,74,22.01,13.45,32.33,0
2001,75,21.88,12.4,32.43,0
2001,76,23.52,13.98,33.86,0
2001,77,25.84,15.4,35.33,0
2001,78,24.46,18.72,32.05,0.66
2001,79,24.36,16.5,33.47,0.46
2001,80,23.82,15.41,32.36,0.17
2001,81,24.13,17.37,32.55,0.44
2001,82,24.49,15.51,33.03,0
2001,83,25.31,16.57,34.55,0
2001,84,25.75,17.21,35.05,0
2001,85,27.21,18.39,36.15,0
2001,86,28.69,20.65,37.79,0
2001,87,26.86,21.59,34.77,1.19
2001,88,24.13,17.2,33.3,15.2
2001,89,21.63,13.75,29.24,0.3
2001,90,23.4,16.48,30.87,0.09
2001,91,23.94,14.74,32.19,0
2001,92,25.33,16.85,34.06,0
2001,93,25.66,16.09,35.25,0.01
2001,94,25.88,15.91,34.94,0
2001,95,27.04,16.16,37.07,0
2001,96,28.28,18.08,37.66,0
2001,97,28.85,19.85,39.29,0
2001,98,30.39,20.59,40.59,0
2001,99,29.59,18.06,40.65,0
2001,100,30.3,22.65,38.48,0
2001,101,30.72,21.72,40.27,0
2001,102,28.09,23.63,33.41,0.52
2001,103,28.01,20.84,35.32,1.19
2001,104,28.13,23.01,35.02,0.04
2001,105,28.53,20.65,35.97,1.57
2001,106,27.64,21.16,34.25,1.54
2001,107,21.32,17.87,24.18,5.23
2001,108,22.73,15.75,29.01,0.78
2001,109,21.43,17.4,26.58,1.27
2001,110,22.93,15.72,31.17,0
2001,111,26.14,16.89,35.63,0
2001,112,28.47,18.02,39.23,0
2001,113,30.61,19.61,41.27,0
2001,114,29.56,23.31,38.51,0
2001,115,31.11,21.46,41.38,0
2001,116,32.62,22.45,43.11,0
2001,117,33.17,22.92,43.56,0.01
2001,118,33.69,24.86,43.51,0
2001,119,34.18,23.81,44.52,0
2001,120,35.86,25.28,45.47,0
2001,121,35.69,27.84,45.27,0.11
2001,122,35.49,26.56,43.95,0.04
2001,123,35.15,25.89,44.44,0
2001,124,35.82,25.1,45.26,0
2001,125,37.25,26.08,46.23,0
2001,126,36.85,25.96,46.93,1.22
2001,127,36.32,27.73,45.36,0
2001,128,34.43,26.35,42.67,7.27
2001,129,35.29,26.6,44.75,0
2001,130,36.52,26.19,46.96,0
2001,131,38.25,26.53,48.47,0
2001,132,38.94,28.07,47.8,0
2001,133,38.48,26.85,48.1,0
2001,134,38.38,29.02,47.24,0
2001,135,36.39,29.11,44.01,0.63
2001,136,34.74,26.17,42.43,0
2001,137,35.35,27.09,42.76,1.02
2001,138,35.32,28.74,41.81,0.01
2001,139,34.84,27.65,41.75,2.22
2001,140,32.81,28.2,37.37,4.8
2001,141,33.94,27.12,39.64,0
2001,142,34.76,28.89,40.93,0.01
2001,143,36.57,28.17,43.99,0
2001,144,37.46,29.82,45.48,0
2001,145,37.96,28.78,46.56,0.08
2001,146,37.47,28.15,46.56,0.24
2001,147,38.26,27.43,46.39,0.11
2001,148,37.91,30.52,45.55,4.66
2001,149,34.8,30.26,39.4,3.77
2001,150,35.47,28.75,41.83,0.19
2001,151,36.82,28.58,43.95,0.04
2001,152,38.3,30.23,45.95,0.08
2001,153,39.19,31.8,46.34,0.23
2001,154,38.99,32.04,45.1,0.19
2001,155,38.23,33.97,43.41,2.43
2001,156,32.28,27.98,36.59,9.4
2001,157,33.48,27.72,38.94,0.18
2001,158,35.15,29.46,41.65,0.67
2001,159,35.29,29.31,41.27,0.05
2001,160,36,28.73,42.1,0.24
2001,161,36.08,29.16,43.14,1.43
2001,162,37.07,28.75,44.04,0.08
2001,163,37.13,30.07,43.5,2.64
2001,164,36.82,30.99,42.72,7.52
2001,165,33.94,29.75,37.96,8.31
2001,166,33.69,29.32,37.88,3.55
2001,167,33.15,28.74,37.44,16.91
2001,168,32.28,27.92,37.07,3
2001,169,33.85,27.67,40.76,0.1
2001,170,34.99,27.9,41.83,0.03
2001,171,36.89,28.81,44.22,0.15
2001,172,37.38,31.23,43.37,2.83
2001,173,37.27,31.55,43.12,2.12
2001,174,34.12,28.53,38.6,3.3
2001,175,35.15,30.17,40.56,0.09
2001,176,35.16,28.68,40.95,0.14
2001,177,35.48,28.86,41.8,1.86
2001,178,36.1,29.16,42.15,0.5
2001,179,37.66,30.38,44.3,0
2001,180,37.9,31.16,44.26,4.43
2001,181,36.54,31.89,40.93,11.43
2001,182,33.62,30.99,36.28,5.05
2001,183,33.48,29.7,37.09,18.8
2001,184,31.83,28.81,34.9,24.88
2001,185,32.16,28.01,36.47,7.82
2001,186,34.8,28.83,40.01,0.19
2001,187,36.42,30.59,41.58,0.23
2001,188,36.27,30.68,41.33,2.61
2001,189,32.78,29.36,36.23,5.83
2001,190,31.84,27.13,36.42,3.15
2001,191,34.94,29.65,39.45,5.74
2001,192,33.16,28.87,37.59,19.01
2001,193,31.75,26.85,37.12,1.75
2001,194,31.93,28.22,35.92,11.36
2001,195,32.96,28.28,37.78,5.37
2001,196,34.36,29.58,39.39,2.07
2001,197,32.81,29.1,37.15,11.93
2001,198,32.66,27.64,38.22,2.39
2001,199,33.61,27.13,39.49,0.01
2001,200,34.57,28.05,41.12,0
2001,201,34.5,27.83,40.6,0.02
2001,202,35.74,30.25,40.89,0.03
2001,203,33.93,30.49,38.13,0.06
2001,204,32.54,28.5,37.49,5.65
2001,205,31.21,28.86,34.18,35.4
2001,206,31.68,27.53,35.07,21.72
2001,207,31.25,28.41,34.06,5.02
2001,208,32.71,28.01,36.78,9.19
2001,209,32.59,27.94,37.22,6.19
2001,210,31.03,27.93,34.94,29.73
2001,211,29.88,26.59,33.7,21.62
2001,212,30.11,25.76,34.99,0.21
2001,213,30.75,25.73,36.95,0
2001,214,31.14,24.51,38.16,0
2001,215,31.79,25.45,38.49,0.06
2001,216,31.18,26.26,36.83,0.55
2001,217,31.49,26.36,36.12,0.2
2001,218,32.44,27.29,37.3,0.64
2001,219,32.01,27.36,36.37,0.95
2001,220,32.09,27.18,37.02,0.42
2001,221,32.19,27.38,36.77,0.51
2001,222,30.86,27.33,34.44,2.97
2001,223,30.65,27.03,34.44,3.97
2001,224,33.11,27.24,38.35,0.78
2001,225,33.85,28.32,39.38,0.85
2001,226,33,28.82,38,1.63
2001,227,32.51,27.93,37.13,6.32
2001,228,32.74,27.69,36.9,2.13
2001,229,33.47,27.72,39.1,0.28
2001,230,34.24,28.91,40.29,0.14
2001,231,33.5,26.36,40.3,0.02
2001,232,33.32,27.38,39.52,0.03
2001,233,33.98,27.67,40.88,0.01
2001,234,34.24,28.05,40.88,0.01
2001,235,33.91,27.67,40.16,0.21
2001,236,33.37,28.47,38.63,0.03
2001,237,33.59,27.82,39.82,0
2001,238,34.03,27.15,40.87,0
2001,239,33.89,26.3,41.43,0
2001,240,33.93,27.03,41.94,0.01
2001,241,33.31,25.73,41.23,0.01
2001,242,33.44,25.84,40.74,0.11
2001,243,34.19,27.48,41.31,0.06
2001,244,34.64,29.14,41.01,0
2001,245,34.98,28.67,41.29,0
2001,246,33.93,28.23,39.78,7.66
2001,247,32.78,27.27,38.51,2.94
2001,248,32.67,27.81,38.1,1.1
2001,249,32.39,27.12,37.97,0.64
2001,250,32.97,27.48,39.58,0.44
2001,251,32.75,27.2,39.68,0.83
2001,252,32.88,25.9,40.92,0
2001,253,32.42,24.81,40.27,0
2001,254,32.48,25.7,39.98,0.21
2001,255,32.54,27.32,39.23,1.13
2001,256,31.61,26.2,37.68,0
2001,257,30.76,26.63,36.48,16.69
2001,258,29.63,24.24,36.6,0.21
2001,259,29.05,22.22,36.43,0
2001,260,30.51,22.77,38.07,0
2001,261,30.86,22.67,39.03,0
2001,262,30.19,21.6,39.22,0
2001,263,30.34,21.53,39.53,0
2001,264,31.01,24.81,39.37,0
2001,265,30.51,22.47,39.07,0
2001,266,30.78,23.27,38.7,0
2001,267,31.18,23.21,39.18,0
2001,268,30.26,22.35,39.46,0
2001,269,29.6,22.12,39.32,0.03
2001,270,30.41,21.82,40.17,0
2001,271,29.68,19.67,40.06,0
2001,272,30.17,20.02,39.84,0
2001,273,30.41,20.23,39.6,0.01
2001,274,30.55,22.84,39.64,0.08
2001,275,31.03,23.47,38.68,0
2001,276,31.47,24.79,38.2,0.27
2001,277,30.26,23.56,37.91,0.13
2001,278,29.14,21.88,38.22,0.19
2001,279,29.46,21.24,38.08,0
2001,280,29.73,21.7,38.51,0
2001,281,29.46,20.09,38.81,0
2001,282,30.2,22.44,38.86,0
2001,283,28.72,19.65,38.14,0
2001,284,28.26,18.47,38.02,0
2001,285,27.27,18.64,36.87,0.08
2001,286,26.9,20.4,36.53,0
2001,287,26.12,18.82,34.92,0
2001,288,27.34,20.04,35.74,0
2001,289,26.62,20.09,35.55,0
2001,290,26.41,17.7,36.12,0
2001,291,26.55,18.99,35.8,0
2001,292,26.1,16.52,36.34,0
2001,293,28.15,20.66,36.55,0
2001,294,27.59,18.81,36.17,0
2001,295,26.43,18.5,35.19,0
2001,296,26.69,19.26,36.35,0
2001,297,27.86,20.46,36.81,0
2001,298,27.53,19.39,35.72,0
2001,299,27.67,19.29,36.67,0
2001,300,27.73,19.58,36.48,0
2001,301,25.99,17.8,33.19,0
2001,302,24.82,17,34.1,0
2001,303,25.57,18.16,33.9,0
2001,304,26.56,19.89,35.77,0
2001,305,26.34,18.3,35.29,0
2001,306,26.06,18.37,36.22,0.06
2001,307,24.15,17.82,33.32,0.78
2001,308,21.26,13.47,30.34,0
2001,309,22.29,15.84,30.06,0
2001,310,22.75,15.84,30.47,0.02
2001,311,20.77,14.08,29.58,0
2001,312,20.14,11.88,30.06,0
2001,313,20.75,13.14,30.82,0
2001,314,22.04,15.62,30.35,0.03
2001,315,21.66,14.76,30.04,0
2001,316,20.88,12.56,31.71,0
2001,317,21.09,11.98,33.26,0
2001,318,23.05,14.9,32.38,0
2001,319,22.66,13.78,31.66,0
2001,320,21.94,13.61,31.16,0
2001,321,20.98,15.49,31.02,0
2001,322,20.28,12.11,31.5,0
2001,323,21.33,12.82,30.58,0
2001,324,21.67,14.63,29.28,0
2001,325,21.04,15.46,29.89,0
2001,326,20.36,14.85,30.33,0
2001,327,19.02,11.14,29.84,0
2001,328,20,12.6,28.65,0
2001,329,19.4,11.62,28.51,0
2001,330,19.12,12.57,27.55,0
2001,331,18.77,12.64,26.59,0
2001,332,18.42,13.25,25.82,0
2001,333,18.59,12.83,26.41,0
2001,334,17.68,11.76,26.84,0
2001,335,18.11,12.25,26.62,0
2001,336,18.45,11.63,27.8,0
2001,337,19.29,13.2,28.07,0
2001,338,19.61,14.66,27.41,0
2001,339,18.65,13.28,26.96,0
2001,340,19.26,12.14,28.03,0
2001,341,20.42,15.58,28.79,0
2001,342,19.1,14.19,28.16,0.37
2001,343,19.29,12.15,27.99,0
2001,344,16.07,9.11,25.51,0
2001,345,15.97,8.37,24.89,0.03
2001,346,16.53,11.58,25.24,0.02
2001,347,16.92,10.29,26.95,0.01
2001,348,17.7,11.71,25.4,0.2
2001,349,14.76,11.23,20.08,4.45
2001,350,14.29,9.04,22.08,1.54
2001,351,14.3,8.85,20.95,0
2001,352,14.5,10.12,21.97,0.44
2001,353,14.7,8.09,23.72,0.01
2001,354,13.35,6.88,23.02,0
2001,355,13.17,7.52,22.77,0
2001,356,14.1,8.05,21.95,0
2001,357,14.01,9.5,21.87,0
2001,358,14.35,8.17,22.38,0
2001,359,15.79,9.77,24.88,0.24
2001,360,15.04,8.89,22.49,0
2001,361,14.34,8.68,22.08,0
2001,362,15.19,9.95,22.32,0
2001,363,14.23,8.01,23.06,0
2001,364,12.65,7.05,21.51,0
2001,365,12.86,6.86,21.4,0
2002,1,14.98,7.64,22.49,0
2002,2,14.32,8.46,22.14,0
2002,3,15.25,8.48,22.89,0
2002,4,14.96,8.5,22.49,0
2002,5,14.26,9.32,22.19,0
2002,6,13.58,9.77,19.47,0
2002,7,13.96,6.98,22.17,0
2002,8,13.08,5.94,23.41,0
2002,9,13.08,6.95,22.87,0
2002,10,13.92,8.67,23.33,0
2002,11,14.31,6.24,25.01,0
2002,12,18.21,9.32,27.75,0
2002,13,18.28,11.42,26.36,0.06
2002,14,16.24,11.9,22.76,0.28
2002,15,14.31,9.34,21.29,0.15
2002,16,13.29,8.39,21.19,0.59
2002,17,13.26,7.46,20.26,0.06
2002,18,13.13,6.7,20.58,0.05
2002,19,13.96,8.35,21.18,0.01
2002,20,14.09,7.54,20.75,0.01
2002,21,14.48,8.03,21.27,0
2002,22,13.99,7.29,21.26,0
2002,23,13.49,6.85,21.78,0
2002,24,14.17,7,22.99,0
2002,25,12.89,7.27,21.91,0.11
2002,26,13.01,6.35,21.95,0.04
2002,27,14.23,9.07,21.91,0.04
2002,28,13.63,7.11,21.77,0.04
2002,29,13.15,6.29,22.06,0
2002,30,13.16,6.81,22.32,0
2002,31,13.22,5.33,22.93,0
2002,32,14.98,7.7,24.21,0
2002,33,14.34,8.47,22.72,0
2002,34,12.51,4.92,23.23,0
2002,35,14.43,5.07,23.73,0
2002,36,15.36,7.87,24.5,0
2002,37,14.59,6.41,24.09,0
2002,38,12.78,5.39,22.45,0.16
2002,39,10.76,3.23,20.38,0.26
2002,40,10.71,4.19,19.5,0.12
2002,41,11.57,2.19,22.36,0
2002,42,13.62,6.71,24.32,1.19
2002,43,13.36,7.02,21.38,1.64
2002,44,14.35,6.02,24.68,0.01
2002,45,15.77,6.68,26.32,0
2002,46,17.42,8.85,28,0
2002,47,19.63,12.26,28.88,0.01
2002,48,20.17,11.76,27.93,0
2002,49,18.38,9.12,28.44,0.01
2002,50,19.18,11.61,29.48,0
2002,51,19.16,14.24,27.28,0.18
2002,52,19.61,11.51,29.8,0.48
2002,53,16.52,12.28,22.12,2.43
2002,54,18.05,10.88,27.56,0.18
2002,55,17.97,10.21,27.2,0.09
2002,56,18.24,10.88,25.86,0.26
2002,57,16.73,11.67,24.15,0.4
2002,58,16.86,9.11,26.05,0
2002,59,19.48,9.79,29.27,0.06
2002,60,16.11,13.07,21.05,2.93
2002,61,16.63,11.69,23.12,1.28
2002,62,18.19,11.39,26.45,0
2002,63,18.29,9.19,28.84,0
2002,64,19.53,11.71,30.53,0
2002,65,20.34,10.68,31.1,0
2002,66,19.91,14.77,27.35,0
2002,67,19.02,13.57,25.95,0.25
2002,68,20.54,13.65,29.31,3.23
2002,69,19.94,12.63,29.21,0.22
2002,70,20.25,11.88,29.89,0.01
2002,71,20.96,12.31,31.22,0
2002,72,22.15,12.36,32.55,0
2002,73,22.66,14.36,32.67,0
2002,74,23.74,15.53,34.04,0
2002,75,25.24,16.01,35.48,0
2002,76,26.39,18.27,37.28,0
2002,77,26.87,18.78,37.88,0
2002,78,28.17,19.1,38.93,0
2002,79,28.51,20.88,37.1,0
2002,80,27.73,21.15,36.7,1.36
2002,81,26.66,17.54,35.44,0
2002,82,27.88,19.74,36.8,0
2002,83,27.56,18.27,36.83,0.72
2002,84,24.07,16.15,33.3,1.21
2002,85,24.1,15.05,33.97,0
2002,86,25.5,16.03,36.12,0
2002,87,27.03,16.7,37.28,0
2002,88,28.45,19.84,37.84,0
2002,89,28.93,19.93,39.47,0
2002,90,28.49,19.92,38.25,0
2002,91,28.03,19.71,37.85,0.01
2002,92,26.31,17.65,36.55,0
2002,93,26.97,15.58,37.66,0
2002,94,28.04,19.67,36.97,0
2002,95,29.11,19.89,39.77,0
2002,96,27.83,21.68,37.15,0.84
2002,97,28.26,20.14,37.57,0.07
2002,98,26.86,18.06,36.29,1.12
2002,99,27.44,18.22,36.47,0.11
2002,100,29.1,21.06,38.01,0.01
2002,101,30.39,21.33,40.2,0
2002,102,32.14,21.98,40.94,0
2002,103,32.58,25.22,41.17,0
2002,104,33.29,25.15,40.65,0
2002,105,32.9,24.37,41.23,0
2002,106,31.42,24.84,39.16,0
2002,107,31.25,22.52,40.5,0
2002,108,31.69,21.88,41.61,0
2002,109,32.7,22.9,42.79,0
2002,110,35.08,26.42,43.99,0
2002,111,35.61,26.86,44.3,0
2002,112,35.87,26.76,44.76,0
2002,113,35.17,26.67,44.08,0.02
2002,114,32.84,24.15,41.47,2.25
2002,115,30.87,23.87,37.67,1.28
2002,116,28.94,20.8,37.82,0.13
2002,117,30.88,21.27,40.81,0
2002,118,30,20.92,39.95,0
2002,119,28.74,16.94,38.74,0.01
2002,120,31.67,20.35,41.41,0
2002,121,32.16,23.03,41.68,0
2002,122,33.62,25.56,42.7,0
2002,123,34.34,25.32,43.69,0
2002,124,35.05,25.6,44.57,0
2002,125,36.2,26.9,45.65,0.11
2002,126,37.2,27.4,46.46,0
2002,127,36.71,27.25,45.65,0.03
2002,128,37.21,29.37,46.08,0
2002,129,37.92,28.87,46.93,0
2002,130,37.92,30.05,47.7,0
2002,131,37.59,27.55,48.73,0
2002,132,38.69,29.1,48.84,0
2002,133,38.26,28.4,47.29,0
2002,134,39.82,30.59,47.89,0
2002,135,38.89,31.99,45.78,0.13
2002,136,38.67,31.54,46.41,0
2002,137,37.56,28,47.25,0
2002,138,36.86,25.98,46.96,0
2002,139,37.73,28.47,47.35,0
2002,140,35.46,26.37,45.27,0.01
2002,141,35.76,26.27,45.2,0
2002,142,37.63,27.48,47.2,0
2002,143,38.6,30.7,47.17,0
2002,144,38.64,29.01,47.83,0
2002,145,39.32,30.11,47.86,0
2002,146,38.09,29.93,46.04,0.03
2002,147,38.09,28.71,46.33,0
2002,148,34.65,28.68,40.47,10.44
2002,149,32.92,26.55,39.78,4.76
2002,150,33.03,25.56,40.37,0
2002,151,35.32,27.49,42.23,0.71
2002,152,36.1,27.2,42.9,0.39
2002,153,36.31,27.62,43.29,0.16
2002,154,34.98,27.63,42.07,6.08
2002,155,36.5,27.09,44.4,0
2002,156,38.22,28.81,46.24,0.04
2002,157,38.36,28.73,46.39,0.44
2002,158,39.04,30.54,47.62,0.3
2002,159,39.64,29.8,48.58,0
2002,160,39.62,29.78,49.18,0
2002,161,39.43,30.84,47.47,0.01
2002,162,40.56,33.03,47.63,0
2002,163,39.13,31.59,46.26,1.62
2002,164,39,29.89,46.73,0
2002,165,38.28,30.1,45.73,1.24
2002,166,38.91,29.22,46.76,0.49
2002,167,37.15,31.87,43.56,7.92
2002,168,36.35,29.22,43.68,3.81
2002,169,35.2,28.6,41.76,0.63
2002,170,32.36,26.57,38.02,0.43
2002,171,36.14,29.07,43.13,0
2002,172,38.05,30.12,45.51,0
2002,173,40.05,31.35,47.95,0
2002,174,41.16,32.1,49.38,0
2002,175,40.62,34.55,47.24,0.34
2002,176,39.18,32.78,45.16,0.19
2002,177,38.65,32.53,44.63,2.58
2002,178,38.6,32.18,44.43,1.45
2002,179,38.76,32.97,44.52,0
2002,180,39.09,32.29,45.12,0.07
2002,181,40.53,34.12,47.39,0.35
2002,182,40.79,33.59,48.35,0
2002,183,41,32.07,49.12,0
2002,184,41.6,34.01,48.87,0
2002,185,39.91,35.02,45.22,7.23
2002,186,38.05,33.04,43.24,2.88
2002,187,37.52,32.21,42.98,1.28
2002,188,37.47,32.86,42.52,2.85
2002,189,37.09,30.56,43.11,1.49
2002,190,37.45,31.15,44.07,0
2002,191,38.27,32.23,44.05,0
2002,192,38.5,31.89,44.78,0.02
2002,193,39.04,30.95,45.83,0
2002,194,38.79,30.78,46.3,0
2002,195,38.97,30.96,46.46,0
2002,196,39.1,32.32,46.14,0
2002,197,39.24,31.15,46.33,0
2002,198,40.37,32.6,46.9,0
2002,199,40.27,33.19,46.25,0.66
2002,200,39.5,32.41,45.66,4.4
2002,201,39.73,32.79,46.5,0.18
2002,202,39.5,33.95,45.65,0.19
2002,203,36.54,31.85,41.53,16.05
2002,204,34.76,31.1,39.27,7.61
2002,205,36.09,30.11,42.34,0.32
2002,206,35.5,29.81,41.1,0.99
2002,207,36.46,31.21,42.52,0.01
2002,208,37.14,31.15,43.08,0.19
2002,209,37.88,31.97,44.11,0.18
2002,210,37.67,31.65,44.02,3.03
2002,211,36.8,30.87,43.44,1.22
2002,212,36.95,30.77,43.64,0
2002,213,36.89,29.86,43.24,0.01
2002,214,37.73,31.02,44.12,0.8
2002,215,35.37,27.97,42.75,8.79
2002,216,35.74,29.25,42.95,0.88
2002,217,35.36,29.22,41.79,0
2002,218,36.46,29.99,42.77,0.06
2002,219,36.41,31.2,41.69,0.03
2002,220,38.07,31.36,44.63,0.08
2002,221,36.13,32,40.86,6.81
2002,222,36.85,30.78,42.55,0.12
2002,223,37.95,31.43,44.72,0.37
2002,224,34.83,29.89,39.34,26.29
2002,225,30.43,27.21,34.59,19.58
2002,226,31,25.66,36.33,4.31
2002,227,32.81,27.93,38.44,0.24
2002,228,34.09,28.17,40.65,0.13
2002,229,34.36,28.15,41.68,0
2002,230,34.4,26.99,42.79,0
2002,231,35.28,27.48,42.77,0
2002,232,35.24,27.51,43.24,0.29
2002,233,33.55,28.05,40.27,7.93
2002,234,31.28,26.07,37.41,23.85
2002,235,32.27,26.67,38.5,1.85
2002,236,33.27,27.81,39.6,0.03
2002,237,32.75,27.45,38.61,1.14
2002,238,32.08,27.21,37.16,4.62
2002,239,33.29,28.07,38.71,3.37
2002,240,34.51,29.29,40.14,0.63
2002,241,34.33,28.74,40.34,1.14
2002,242,32.02,27.91,36.87,3.11
2002,243,32.83,27.8,37.97,2.93
2002,244,32.13,27.79,37.21,8
2002,245,30.31,26.19,34.73,15.34
2002,246,30.8,25.32,36.69,0.9
2002,247,30.89,25.58,36.96,0.32
2002,248,30.24,24.52,37.11,0.23
2002,249,29.59,22.25,36.59,0
2002,250,29.89,21.96,37.71,0.03
2002,251,29.72,22.75,37.19,0.35
2002,252,31.02,24.24,38.76,0
2002,253,30.94,23.72,38.14,0
2002,254,30.63,23.66,38.12,0.03
2002,255,30.25,23.31,38.25,2.22
2002,256,26.98,22.93,31.32,27.45
2002,257,27.8,23.05,33.31,8.26
2002,258,29.08,24.16,34.63,0.01
2002,259,29.31,23.71,35.56,8.96
2002,260,28.83,23.22,35.47,1.25
2002,261,28.9,23.59,35.55,0.42
2002,262,29.65,24.2,36.02,0
2002,263,30.03,24.53,36.88,0
2002,264,30.28,23.65,37.88,0
2002,265,29.52,21.88,37.57,0
2002,266,29.66,22.63,37.4,0
2002,267,29.27,21.99,37.34,0
2002,268,28.5,21.48,36.89,2.28
2002,269,28.91,22.15,37.22,0
2002,270,28.7,21.99,36.83,0
2002,271,28.93,21.18,37.87,0
2002,272,29.41,22.58,37.53,0
2002,273,29.46,21.82,37.42,0
2002,274,30.11,21.66,38.1,0
2002,275,30.38,24.21,38.5,0
2002,276,29.39,21.89,38.39,0
2002,277,29.24,21.75,38.66,0
2002,278,28.21,19.52,38.6,0
2002,279,27.37,19.51,37.5,0
2002,280,27.48,19.42,37.46,0
2002,281,27.65,19.38,36.68,0
2002,282,27.75,20.21,36.37,0.03
2002,283,26.88,20.48,35.86,0
2002,284,26.7,21.24,34.67,0
2002,285,26.52,20.02,34.68,0
2002,286,25.68,20.52,32.52,1.75
2002,287,25.68,19.84,32.88,0.98
2002,288,26.35,19.86,34.05,0
2002,289,26.64,18.98,34.2,0
2002,290,26.95,19.72,35.07,0
2002,291,27.02,20.36,34.61,0
2002,292,26.97,20.88,35.52,0
2002,293,25.31,18,34.27,0
2002,294,25,17.75,34.14,0.65
2002,295,24,18.4,31.42,0.2
2002,296,24.61,18.85,31.5,0.04
2002,297,24.03,16.19,31.29,0
2002,298,24.89,18.7,33.22,0
2002,299,25.09,18.53,34.16,0
2002,300,25.17,17.12,32.85,0
2002,301,25.37,18.38,34.25,0
2002,302,24.09,16.33,33.56,0
2002,303,24.81,16.85,32.87,0
2002,304,24.85,17.55,32.34,0
2002,305,24.71,16.87,32.63,0
2002,306,24.58,18.82,32.64,0
2002,307,23.89,16.85,31.53,0
2002,308,22.6,17.58,29.57,0
2002,309,22.82,16.11,30.86,0
2002,310,21.47,18.09,27.76,0
2002,311,21.82,17.42,28.03,0.01
2002,312,21.84,16.23,29.83,0
2002,313,22.12,17.25,29.67,0
2002,314,21.83,17.1,28.71,0
2002,315,21.22,17.19,27.77,0.01
2002,316,20.95,14.94,27.85,0
2002,317,20.54,14.26,28.12,0
2002,318,20.07,12.84,28.47,0
2002,319,21.15,13.26,29.65,0
2002,320,21.89,15.82,30.48,0
2002,321,22.7,16.37,30.74,0
2002,322,23.38,17.11,31.44,0
2002,323,21.54,15.49,29.86,0
2002,324,20.63,13.64,30.37,0
2002,325,21.44,15.58,29.78,0
2002,326,20.32,14.96,30.08,0
2002,327,20.15,13.1,29.72,0
2002,328,20.91,15.53,30.34,0
2002,329,19.31,13.36,29.17,0
2002,330,19.88,12.98,28.73,0
2002,331,20.06,14.79,27.34,0
2002,332,18.62,12.81,26.73,1.25
2002,333,17.34,10.45,26.82,0
2002,334,18.82,12.78,26.98,0
2002,335,17.9,12.68,26.91,0
2002,336,17.79,10.45,26.18,0
2002,337,17.24,11.12,25.94,0
2002,338,16.1,8.65,24.34,0
2002,339,14.28,9.03,22.72,0
2002,340,14.24,8.26,23.45,0
2002,341,14.36,7.57,23.81,0
2002,342,15.05,9.37,24.42,0
2002,343,14.46,6.96,25.14,0
2002,344,16.72,10.07,25.62,0
2002,345,17.52,12.14,25.12,0
2002,346,15.24,10.66,23.37,0
2002,347,15.64,9.42,24.74,0
2002,348,17.59,11.27,26.58,0
2002,349,18.78,12.96,27.35,0
2002,350,20.24,15.95,25.87,0
2002,351,19.02,13.63,26.88,0
2002,352,18.82,12.45,26.55,0
2002,353,18,12.17,25.78,0.01
2002,354,17.37,11.52,26.75,0.05
2002,355,16.52,10.41,25.98,0
2002,356,16.88,9.18,25.19,0
2002,357,16.32,11.16,23.37,0.03
2002,358,15,12.06,20.86,8.46
2002,359,14.23,9.56,21.2,0.38
2002,360,14.29,10.57,21.13,0
2002,361,12.92,7.7,21.19,0
2002,362,12.69,5.87,20.99,0
2002,363,13.99,8.22,21.51,0
2002,364,13.39,6.33,21.43,0.15
2002,365,13.55,8.55,21.1,0.85
2003,1,12.47,5.48,20.27,0.14
2003,2,12.24,5.37,19.77,0
2003,3,10.65,5.65,18.6,0
2003,4,10.17,3.5,19.81,0
2003,5,11.97,3.37,21.16,0
2003,6,12.98,7.64,19.77,0
2003,7,11.38,4.34,20.93,0
2003,8,11.05,4.05,20.22,0
2003,9,11.93,6.66,21.12,0
2003,10,10.84,4.37,20.73,0
2003,11,11.65,4.74,21.18,0
2003,12,12.28,7.43,21.27,0
2003,13,11.11,3.86,21.73,0
2003,14,11.79,4.13,21.97,0
2003,15,13.51,7.04,22.2,0
2003,16,12.75,5.93,22.61,0
2003,17,13.39,5.76,23.6,0
2003,18,13.71,8.31,23.01,0
2003,19,12.51,7.03,22.31,0
2003,20,12.64,5.8,23.03,0
2003,21,14.07,7.64,24.18,0
2003,22,15.36,8.95,24.25,0
2003,23,15.61,9.38,25.6,0
2003,24,16.07,8.08,25.55,0
2003,25,16.36,8.9,25.98,0
2003,26,17.13,10.91,26.53,0.03
2003,27,15.62,10.23,23.7,0.41
2003,28,15.43,11.14,21.66,0.34
2003,29,14.43,8.11,22.07,0.58
2003,30,14.58,10.82,19.76,2.19
2003,31,13.27,8.84,18.73,7.18
2003,32,13.08,6.53,21.33,0.88
2003,33,12.52,7.94,20.05,0.63
2003,34,12.65,5.12,21.37,11.88
2003,35,14.68,6.53,23.78,0
2003,36,15.65,8.75,24.91,0
2003,37,16.05,10.91,23.46,0
2003,38,14.87,6.79,23.99,0
2003,39,14.83,7.57,23.21,0
2003,40,15.05,7.77,23.3,0
2003,41,15.31,7.54,23.62,0
2003,42,15.48,9.07,23.11,0
2003,43,15.58,10.33,24.51,0
2003,44,16.97,9.13,25.2,0
2003,45,16.8,10.06,25.79,0
2003,46,18.76,9.98,27.63,0.2
2003,47,17.93,12.62,25.17,1.17
2003,48,14.91,12.93,17.31,9.59
2003,49,13.71,11.57,16.36,55.12
2003,50,12.89,9.08,15.11,18.04
2003,51,12.58,6.34,20.28,0
2003,52,13.47,5.95,22.1,0
2003,53,16.36,7.74,24.7,0
2003,54,17.25,11.16,24.54,0.35
2003,55,18.41,13.25,26.35,0.04
2003,56,18.62,12.8,25.81,0.07
2003,57,19.96,13.98,27.73,0.04
2003,58,20.65,13.83,28.22,0.18
2003,59,20.54,14.43,28.15,0.91
2003,60,19.34,14.37,26.89,22.79
2003,61,18.13,13.33,24.47,0.24
2003,62,12.46,5.84,19.71,0.1
2003,63,11.42,3.96,19.92,0.02
2003,64,13.62,3.31,23.18,0
2003,65,17.24,9.3,25.65,0
2003,66,16.88,10.04,26.28,0
2003,67,15.13,7.6,23.89,0
2003,68,17.39,10.19,27.13,0
2003,69,17.09,9.25,26.76,0.07
2003,70,18.99,10.45,27.57,0.03
2003,71,20.02,12.93,28.44,0
2003,72,21.09,14.78,27.89,0
2003,73,20.68,16.01,26.86,0
2003,74,22.65,15.29,30.77,0
2003,75,20.32,12.72,29.63,0
2003,76,19.91,12.13,28.91,0.03
2003,77,20.65,12.86,29.4,0
2003,78,20.56,13.35,29.7,0
2003,79,21.82,12.9,31.77,0
2003,80,24.49,15.03,33.63,0
2003,81,23.93,16.57,32.26,0
2003,82,23.82,16.63,32.79,0.03
2003,83,24.56,16.12,32.58,0.08
2003,84,25.86,20.17,33.72,0
2003,85,25.22,17.16,33.96,0
2003,86,25.6,17.96,34.12,0
2003,87,22.73,18.11,30.66,0.85
2003,88,23.16,15.92,31.7,0.76
2003,89,24.02,17.16,32.52,0.58
2003,90,24.83,16.91,33.82,0.6
2003,91,26,17.8,35.15,0
2003,92,26.22,16.84,36.79,0
2003,93,25.59,18.2,34.59,0.3
2003,94,25.09,17.7,34.24,0.12
2003,95,23.5,14.9,32.44,0.04
2003,96,24.12,14.95,34.07,0
2003,97,25.92,15.58,36.51,0
2003,98,28.78,18.47,38.46,0
2003,99,29.85,22.11,39.32,0
2003,100,29.66,20.05,40.01,0
2003,101,30.07,20.76,40.24,0
2003,102,31.77,22.91,40.81,0
2003,103,31.65,23.87,41.4,0
2003,104,30.37,21.59,38.89,0.01
2003,105,27.61,21.46,36.99,0.35
2003,106,28.2,19.96,36.87,0.01
2003,107,30.23,20.87,39.29,0
2003,108,29.68,22.49,37.76,0.39
2003,109,28.05,22.23,35.76,1.42
2003,110,27.26,19.87,35.34,0.09
2003,111,27.57,18.64,36.66,0
2003,112,29.92,18.3,39.94,0
2003,113,33.41,22.96,42.81,0
2003,114,33.5,24.95,43.44,0
2003,115,32.54,22.09,43.26,0
2003,116,32.29,22.79,41.19,0.09
2003,117,30.12,21.37,38.6,0.28
2003,118,31.12,22.81,39.11,0.44
2003,119,32.37,24.69,40.62,0
2003,120,32.91,23.11,41.79,0
2003,121,33.96,25.03,43.27,0.05
2003,122,32.5,23.37,42.23,0.1
2003,123,26.23,17.21,34.42,0.02
2003,124,27.66,19.32,36.54,0.09
2003,125,28.05,18.1,37.44,0
2003,126,29.34,20.73,38.78,0
2003,127,30.95,21.25,39.47,0
2003,128,32.96,24.42,40.99,0
2003,129,34.34,25.77,42.29,0
2003,130,34.01,24.42,43.19,0.01
2003,131,33.87,24.96,42.54,0
2003,132,34.86,25.86,42.74,0.01
2003,133,33.85,25.63,42.24,0.01
2003,134,34.38,25.48,42.49,0.02
2003,135,33.8,26.05,42.3,0.74
2003,136,34.19,25.19,43.34,0
2003,137,35.94,26.68,44.35,0
2003,138,36.83,27.84,45.05,0
2003,139,37.39,28.31,46.43,0
2003,140,37.05,27.27,45.61,0.01
2003,141,38.31,31.53,46.37,0.04
2003,142,37.32,29.25,45.75,0.83
2003,143,35.31,27.79,42.08,5.13
2003,144,34.27,27.96,41.06,0.22
2003,145,33.64,26.72,40.18,2.31
2003,146,34.16,27.59,40.75,0
2003,147,35.21,27.33,43.62,0
2003,148,34.04,24.29,42.7,0
2003,149,34.35,26.1,42.8,0
2003,150,36.01,26.26,44.95,0
2003,151,37.25,27.53,45.8,0
2003,152,37.61,28.54,45.69,0.47
2003,153,39.32,30.44,46.82,0
2003,154,40.03,31.07,48.37,0
2003,155,40.4,31.2,49.61,0
2003,156,40.12,30.42,48.69,0
2003,157,40.55,31.61,49.21,0
2003,158,40.73,30.88,49.39,0
2003,159,39.85,31.12,47.57,0
2003,160,38.77,33.16,45.33,0.19
2003,161,38.09,29.98,45.4,0.05
2003,162,38.72,31.28,45.66,0.01
2003,163,38.13,31.94,45.04,0.1
2003,164,38.54,29.59,45.39,0
2003,165,39.86,33.14,47.2,0
2003,166,39.49,30.71,47.52,0
2003,167,40.07,30.88,48.26,0
2003,168,40.24,31.9,47.01,0.02
2003,169,36.96,32.79,41.6,10.95
2003,170,36.58,31.13,41.65,0
2003,171,37.56,31.31,43.41,0.04
2003,172,38.12,32.2,44.44,1.69
2003,173,37.9,31.06,44.05,1.4
2003,174,38.3,33.43,43.79,2.4
2003,175,37.2,31.5,42.72,1.23
2003,176,36.33,31.18,41.32,5.21
2003,177,36.89,30.59,42.27,1.34
2003,178,38.01,33.34,43.49,3.76
2003,179,34.23,31.25,38,7.3
2003,180,35.37,30.08,41.2,2.1
2003,181,34.57,29.59,39.68,16.9
2003,182,36.69,30.46,42.85,0.26
2003,183,36.94,31.47,42.61,1.43
2003,184,36.63,30.21,41.96,3.37
2003,185,37.63,30.8,43.89,0.11
2003,186,34.79,30.5,39.82,8.61
2003,187,33.36,28.95,38.46,0.44
2003,188,31.56,29.26,34.83,0.1
2003,189,33.11,27.81,38.41,8.22
2003,190,33.09,28.63,37.43,12.87
2003,191,31.83,27.4,36.09,10.93
2003,192,32.97,26.82,39.31,0.18
2003,193,33.78,26.9,39.88,0.48
2003,194,33.79,28.91,38.28,1.11
2003,195,34.99,29.03,40.35,0.26
2003,196,34.24,29.15,39.21,7.47
2003,197,32.52,29.51,36.91,8.6
2003,198,31.66,27.79,36.14,16.27
2003,199,31.88,28.04,35.76,3.45
2003,200,34.27,28.06,40.21,0.02
2003,201,35.07,30.3,39.74,7.76
2003,202,34.11,29.63,39.89,4.84
2003,203,33.4,28.55,38.35,2.8
2003,204,33.49,28.68,38.15,2.68
2003,205,33.25,29.23,37.17,11.38
2003,206,33.39,28.97,37.33,6.67
2003,207,33.17,29.01,37.56,10.52
2003,208,33.31,28.53,38.58,4.27
2003,209,32.39,28.11,37.48,3.65
2003,210,32.32,27.77,37.6,0.06
2003,211,33.34,26.97,38.62,0.23
2003,212,34.17,29.52,39.59,1.77
2003,213,32.73,28.2,37.38,4.97
2003,214,31.3,27.32,35.17,18.26
2003,215,30.64,27.22,34.56,21.83
2003,216,29.99,25.61,34.64,10.04
2003,217,30.51,26.7,34.62,1.88
2003,218,32.27,27,37.37,0.53
2003,219,33.11,27.5,38.67,0.11
2003,220,33.72,28.87,38.11,0.07
2003,221,34.29,29.57,39.55,0.85
2003,222,34.23,29.49,39.49,1.41
2003,223,33.68,27.93,39.15,1.03
2003,224,33.89,28.8,39.32,0.18
2003,225,34.01,28.74,39.98,0.41
2003,226,33.86,27.8,40.45,0.04
2003,227,33.03,26.92,39.3,0.77
2003,228,32.95,26.82,38.96,0.9
2003,229,33.8,27.6,39.72,0.85
2003,230,34.91,29.1,40.87,2.77
2003,231,33.38,28.82,38.1,2.28
2003,232,32.49,27.69,37.73,6.43
2003,233,31.76,26.91,36.26,3.95
2003,234,32.79,27.45,39.02,0.03
2003,235,32.97,26.63,39.72,0.01
2003,236,33.4,27.42,39.49,0.01
2003,237,33.32,28.66,38.68,0.08
2003,238,32.97,28.15,38.04,7.09
2003,239,30.85,27.63,34.12,6.26
2003,240,30.92,27.13,34.48,5.09
2003,241,31.36,27.53,35.18,13.13
2003,242,31.77,27.02,36.26,4.67
2003,243,33.12,28.15,38.24,0.74
2003,244,33.36,27.34,38.92,0.24
2003,245,33.6,27.79,39.4,1.49
2003,246,33.29,28.32,38.94,3.37
2003,247,32.22,27.36,37.46,5.49
2003,248,31.42,26.1,36.81,1.18
2003,249,31.56,26.47,37.13,1.37
2003,250,31.37,25.89,36.91,2.51
2003,251,31.25,26.01,36.88,2.62
2003,252,31.41,25.61,38.02,1.23
2003,253,32.07,25.61,38.32,0
2003,254,32.33,26.41,38.73,0.51
2003,255,32.01,26.65,38.19,4.05
2003,256,31.77,26.73,37.23,0
2003,257,32.21,27.15,37.81,0.07
2003,258,32.84,27.04,38.81,0.42
2003,259,32.93,27.43,39.21,0.09
2003,260,32.71,26.43,39.47,0
2003,261,32.54,25.92,39.98,0.02
2003,262,32.38,25.69,39.43,0
2003,263,33.21,26.68,40.21,0
2003,264,32.96,26.08,40.26,0
2003,265,33.23,26.86,40.13,0.07
2003,266,31.98,25.68,39,1.69
2003,267,29.84,24.23,35.88,4.18
2003,268,28.76,25.11,33.77,10.3
2003,269,27.91,23.63,32.71,1.33
2003,270,28.37,22.82,35.13,0
2003,271,27.78,22.27,34.49,3.28
2003,272,27.78,21.82,35.32,0
2003,273,26.53,20.09,35.11,0
2003,274,26.27,19.81,35.22,0
2003,275,26.5,19.41,35.31,0
2003,276,27.36,19.97,36.25,0
2003,277,28.2,21.17,36.97,0
2003,278,27.27,18.63,36.22,0
2003,279,26.43,19.21,35.8,0
2003,280,26.42,19.56,34.98,0
2003,281,27.05,20.38,35.27,0
2003,282,26.65,20.48,34.92,0.46
2003,283,25.9,18.67,34.78,0.05
2003,284,25.68,18.8,34.65,0
2003,285,25.11,17.68,34.5,0
2003,286,25.16,18.42,35.08,0
2003,287,25.69,18.9,34.96,0
2003,288,25.55,17.99,35.31,0
2003,289,25.33,16.91,35.28,0.08
2003,290,25.57,18.75,34.58,0
2003,291,26.25,19.14,34.44,0
2003,292,26.44,20.25,34.68,0
2003,293,25.98,19.32,34.83,0
2003,294,27.78,20.34,35.97,0
2003,295,26.08,18.32,35.53,0
2003,296,25.57,18.27,34.54,0
2003,297,24.87,16.82,34.36,0.01
2003,298,23.47,15.71,32.93,0
2003,299,23.18,16.3,32.1,0
2003,300,23.84,17.9,32.35,0
2003,301,23.27,18.89,31.59,0
2003,302,24.37,17.15,32.66,0
2003,303,24.21,19.16,32.18,0
2003,304,23.73,17.32,33.11,0
2003,305,23,16.64,33.06,0
2003,306,22.79,16.35,32.23,0
2003,307,23.22,16.53,31.56,0
2003,308,23,17.24,31.93,0
2003,309,22.18,13.93,31.82,0
2003,310,23.06,15.74,31.41,0
2003,311,22.58,15.81,30.47,0
2003,312,20.89,13.56,30.59,0
2003,313,20.59,15.27,30.31,0
2003,314,19.64,11.54,30.9,0
2003,315,21.76,13.72,30.42,0
2003,316,19.92,13.31,28.19,0
2003,317,19.46,13.61,28.14,0
2003,318,17.6,14.91,23.5,0
2003,319,18.18,11.43,26.86,0.11
2003,320,18.84,14.01,27.04,3.17
2003,321,17.5,12.73,24.38,4.08
2003,322,16.13,10.86,24.17,0.02
2003,323,15.36,8.25,24.83,0
2003,324,15.48,8.75,25.39,0
2003,325,16.15,7.87,25.83,0
2003,326,17.32,12.42,26.05,0
2003,327,17.82,11.3,25.94,0
2003,328,16.45,10.8,25.93,0
2003,329,15.28,6.96,27,0
2003,330,17.11,8.05,26.58,0
2003,331,17.39,11.62,25.81,0
2003,332,15.83,9.51,24.4,0
2003,333,16.07,10.09,25.15,0
2003,334,14.8,9.53,24.43,0
2003,335,15.27,8.02,24.72,0
2003,336,17.36,11.42,27.11,0
2003,337,16.18,10.24,24.55,0
2003,338,18.56,13.45,25.59,0
2003,339,17.96,13.05,26.73,0
2003,340,17.27,9.78,28.11,0
2003,341,18.55,10.01,28.36,0
2003,342,19.32,11.83,28.52,0
2003,343,17.3,11.59,25.65,0.06
2003,344,17.89,12.25,26.08,0.07
2003,345,17.93,12.48,25.93,0.01
2003,346,16.97,11.73,23.01,10.27
2003,347,17.91,14.03,24.02,3.28
2003,348,15.36,11.44,22.43,0.82
2003,349,14.56,10.53,21.82,4.98
2003,350,13.77,9.13,20.82,0.08
2003,351,13.58,7.77,20.88,0
2003,352,14.93,9.81,21.49,0
2003,353,14.95,9.8,22.31,0
2003,354,15.24,9.54,22.27,0
2003,355,15.16,10.44,22.9,0
2003,356,14.48,9.39,21.85,0
2003,357,12.18,8.15,19.73,0
2003,358,12.38,6.36,20.91,0
2003,359,13.27,7.71,20.77,0
2003,360,12.25,7.1,18.37,0
2003,361,12.55,6.59,19.71,0.03
2003,362,11.16,5.34,20.01,0.01
2003,363,11.34,4.28,20.16,0
2003,364,13.37,7.03,20.84,0
2003,365,14.26,8.09,21.4,0
2004,1,12.27,6.38,19.65,0.04
2004,2,11.02,7.2,18.62,0
2004,3,10.8,6.05,18.39,0
2004,4,10.19,3.72,17.81,0
2004,5,11.19,7.04,19.46,0.09
2004,6,10.99,5.48,18.97,0.01
2004,7,11.3,4.44,20.96,0
2004,8,12.87,5.34,22.13,0
2004,9,13.54,8.02,22.25,0
2004,10,15.37,9.77,23.02,0
2004,11,16.24,10.81,24.12,0
2004,12,16.18,11.03,25.02,0
2004,13,15.59,8.88,22.88,0
2004,14,16.15,9.25,25.67,0
2004,15,18.86,12.58,26.64,0
2004,16,18.33,13.57,25.12,0
2004,17,15.68,11.87,22.04,1.43
2004,18,13.75,8.07,21.04,0
2004,19,14.55,8.8,21.19,0
2004,20,14.19,9.87,20.71,0
2004,21,12.8,10.61,15.62,4.13
2004,22,11.15,9.33,13.24,6.65
2004,23,11.69,8.07,18.09,2.22
2004,24,11.8,6.48,19.2,0
2004,25,13.1,8.53,19.06,0
2004,26,13.2,7.55,20.25,0
2004,27,13.14,7.56,20.68,0
2004,28,11.53,6.85,17.77,0.01
2004,29,12.32,8.29,18.67,2.12
2004,30,10.46,7.91,13.82,8.71
2004,31,10.58,7.45,15.79,0.71
2004,32,10.77,5.93,18.37,0
2004,33,10.95,3.39,20.92,0
2004,34,11.62,2.99,21.76,0
2004,35,15.14,7.93,23.16,0
2004,36,14.86,8.65,22.67,0
2004,37,13.71,4.99,24.57,0
2004,38,14.91,5.84,24.4,0
2004,39,15.27,7.06,23.88,0.23
2004,40,14.66,9.16,22.92,8.54
2004,41,13.44,7.56,21.3,0.38
2004,42,15.14,7.29,25.77,0.17
2004,43,15.89,8.65,26.59,0
2004,44,17.56,10.26,26.06,0
2004,45,16.69,11.25,25.67,0
2004,46,17.03,8.52,27.95,0
2004,47,18.89,11.99,28.1,0
2004,48,17.52,11.98,26.98,0.23
2004,49,18.2,10.85,27.95,0.03
2004,50,17.18,10.05,27,0.06
2004,51,18.08,11.64,27.53,0
2004,52,18.7,12.27,28.51,0
2004,53,18.63,11.77,28.95,0
2004,54,18.39,8.84,29.92,0
2004,55,20.26,11.76,31.28,0
2004,56,22.62,14.14,32.28,0
2004,57,22.18,12.27,32.16,0
2004,58,21.91,13.97,32.26,0.13
2004,59,21.06,14.13,31.04,0.02
2004,60,20.11,13.45,29.81,0.04
2004,61,19.37,11.52,29.84,0
2004,62,19.71,10.31,31.26,0
2004,63,20.96,10.71,32.06,0
2004,64,22.36,13.93,31.86,0
2004,65,22.13,14.4,32.71,0
2004,66,22.1,12.46,33.65,0
2004,67,24.66,13.07,36.62,0
2004,68,25.34,15.69,36.57,0
2004,69,21.91,13.9,31.65,0
2004,70,23.75,14.85,32.9,0
2004,71,24.59,15.79,33.95,0
2004,72,25.32,16.7,34.21,0.01
2004,73,26.25,16.74,36.65,0
2004,74,27.01,18.98,37.2,0
2004,75,28.63,19.58,38.55,0
2004,76,28.33,19.29,39.24,0
2004,77,30.27,20.45,39.58,0
2004,78,30.1,20.61,38.94,0
2004,79,28.14,20.18,37.55,0
2004,80,28.83,18.6,39.09,0
2004,81,30.55,21.51,39.38,0
2004,82,28.29,22.33,35.85,0.01
2004,83,25.99,19.36,34.58,0
2004,84,24.94,15.91,34.51,0
2004,85,25.29,17.09,33.57,0
2004,86,26.54,18.72,33.72,0.01
2004,87,27.16,17.53,34.96,0
2004,88,26.85,16.44,36.77,0
2004,89,27.97,17.94,37.87,0
2004,90,29.2,21.14,38.44,0
2004,91,29.41,17.74,38.17,0
2004,92,27.98,21.34,34.02,0
2004,93,29.89,19.05,39.08,0
2004,94,30.17,22.51,39.1,0
2004,95,30.14,21.5,39.68,0
2004,96,32,21.66,41,0
2004,97,32.63,22.96,41.04,0
2004,98,32.08,24.83,41.31,0
2004,99,32.04,22.56,41.56,0
2004,100,32.27,23.08,41.02,0.05
2004,101,32.99,24.94,40.9,0
2004,102,32.87,24.86,41.82,0
2004,103,32.95,24.9,41.77,0
2004,104,32.48,23.4,41.44,0
2004,105,32.38,23.37,41.83,0
2004,106,32.91,21.24,42.36,0
2004,107,34.95,26.71,44.2,0
2004,108,32.33,26.54,39.66,0.01
2004,109,32.42,24.23,40.54,0
2004,110,33.19,23.56,42.84,0
2004,111,32.7,27.04,40.69,0.43
2004,112,31.92,25.12,39.81,0
2004,113,30.9,24.63,38.29,2.14
2004,114,30.16,22.64,36.99,1.6
2004,115,30.64,23.38,37.95,0
2004,116,30.69,21.2,38.99,0
2004,117,31.86,22.9,39.43,0
2004,118,33.63,25.17,42.09,0
2004,119,32.92,25.92,41.29,0.34
2004,120,30.56,23.05,38.15,3.46
2004,121,22.7,17.61,28.8,14.31
2004,122,23.35,16.25,31.62,0.21
2004,123,24.91,16.17,33.49,0
2004,124,27.53,17.27,37.01,0
2004,125,30.39,21.81,38.92,0
2004,126,32.01,21.72,40.15,0
2004,127,34.08,24.83,42.51,0
2004,128,33.42,23.95,42.96,0
2004,129,32.89,22.8,42.33,0.02
2004,130,34.19,25.4,43.13,0
2004,131,34.66,25.11,44.14,0
2004,132,35.88,25.36,45.14,0
2004,133,36.33,26.05,45.15,0
2004,134,36.97,27.92,45.69,0
2004,135,37.75,27.2,46.47,0
2004,136,38.11,28.8,46.32,0
2004,137,38.6,30.98,45.63,0
2004,138,38.61,31.81,46.13,0
2004,139,38.19,29.47,46.61,0
2004,140,39.3,29.21,47.53,0
2004,141,39.13,30.36,47.5,0
2004,142,38.29,28.75,47.6,0
2004,143,38.85,30.89,47.54,0
2004,144,35.86,28.27,43.68,0.03
2004,145,31.91,25.64,37.52,9.84
2004,146,33.7,25.99,40.36,0
2004,147,33.9,26.99,40.66,2.13
2004,148,34.55,28.23,40.52,3.45
2004,149,34.74,28.86,40.65,0.83
2004,150,35.25,27.7,42.49,0
2004,151,36.48,27.15,44.79,0
2004,152,37.7,29.27,45.58,0
2004,153,37.01,29.49,43.06,0.04
2004,154,37,29.33,44.17,0
2004,155,37.98,30.37,44.69,1.38
2004,156,39.16,31.38,46.76,0
2004,157,38.21,29.98,46.08,0.01
2004,158,37.91,29.3,45.36,0
2004,159,35.02,29.56,40.85,7.3
2004,160,34.59,28.22,40.97,0.02
2004,161,34.28,28.52,40.05,0.97
2004,162,34.72,26.86,40.96,0
2004,163,36.92,29.81,42.97,0
2004,164,37.8,30.31,43.95,0
2004,165,38.39,31.46,44.38,0
2004,166,37.4,31.49,43.04,3.52
2004,167,36.92,31.28,41.82,0.18
2004,168,38.98,32.43,45.24,0.02
2004,169,38.79,33.78,44.37,6.91
2004,170,34.49,29.1,39.92,32.57
2004,171,34.66,27.68,40.97,4.38
2004,172,36.24,30.29,42.62,5.88
2004,173,36.34,30.23,42.52,1.09
2004,174,36.64,29.76,43.12,0.11
2004,175,36.03,29.47,41.76,0.12
2004,176,35.85,30.61,40.84,1.94
2004,177,34.4,28.88,39.88,3.29
2004,178,34.65,28.45,40.61,1.08
2004,179,34.54,28.28,40.32,0.55
2004,180,35.65,28.41,41.91,0
2004,181,36.88,29.24,43.78,0
2004,182,37.46,29.62,45.01,0
2004,183,38.1,29.66,45.53,0.03
2004,184,38.81,31.27,45.6,0
2004,185,38.93,31.76,45.41,0.05
2004,186,37.4,31.36,43.69,1.6
2004,187,36.91,30.97,42.19,3.64
2004,188,38.16,32.34,44.07,1.24
2004,189,39.09,33.02,44.92,0.05
2004,190,37.5,33.47,41.71,13.86
2004,191,33.98,30.16,37.57,23.13
2004,192,34.56,28.75,40.18,0.01
2004,193,35.69,30.73,40.95,4.11
2004,194,35.74,28.71,42.58,4.17
2004,195,36.03,29.86,41.95,3.54
2004,196,34.87,29.54,40.5,9.13
2004,197,35.67,29.29,41.85,3.51
2004,198,34.51,28.81,39,25.59
2004,199,33.49,28.12,38.57,30.95
2004,200,33.9,27.07,40.04,0.03
2004,201,34.49,27.59,40.46,0.01
2004,202,34.72,28.61,40.62,0.25
2004,203,35.6,29.64,41.8,0.01
2004,204,35.23,29.73,41.26,0.05
2004,205,34.73,29.99,40.53,0.06
2004,206,35.53,28.5,42.04,0
2004,207,36.38,29.27,42.54,0.01
2004,208,36.08,29.43,41.79,0.03
2004,209,36.84,30.45,43.05,0.05
2004,210,36.6,29.38,42.89,0
2004,211,33.65,30.23,37.12,19.4
2004,212,33.34,28.7,38.19,7.4
2004,213,33,28.74,37.02,0.43
2004,214,32.64,28.46,37.61,2.66
2004,215,31.68,28.08,36.58,3.89
2004,216,31.84,26.66,37.25,1.31
2004,217,32.01,27.69,36.25,0.6
2004,218,34.34,27.78,40.21,0.82
2004,219,31.39,28.72,34.71,10.75
2004,220,33.24,28.01,38.6,3.45
2004,221,33.13,29.45,37.77,8.71
2004,222,32.65,27.87,37.52,5.12
2004,223,33.08,27.64,38.04,0.34
2004,224,32.97,27.75,38.31,5.3
2004,225,32.2,27.13,37.56,5.62
2004,226,32.76,26.95,37.9,5.83
2004,227,33.65,27.86,39.26,2.26
2004,228,34.66,28.87,40.04,0.89
2004,229,34.61,29.62,40.26,10.1
2004,230,31.52,28.31,35.48,19.99
2004,231,30.9,26.94,35.75,4.42
2004,232,31.84,28.09,35.55,9.7
2004,233,31.59,27.82,36.65,7.7
2004,234,32.36,26.42,38.77,0.01
2004,235,32.07,26.61,37.88,0.18
2004,236,31.77,26.38,37.33,2.32
2004,237,31.05,26.4,35.99,2
2004,238,30.96,25.95,36.37,1.76
2004,239,31.92,26.13,37.78,0.65
2004,240,32.86,26.58,39.5,0.02
2004,241,33.1,26.29,40.46,0
2004,242,32.98,25.76,40.54,0
2004,243,33.32,25.95,40.95,0
2004,244,33.29,26.83,40.8,0.06
2004,245,32.33,26.01,39.4,0
2004,246,31.95,25.21,39.32,0
2004,247,32.9,25.22,40.7,0
2004,248,32.96,24.46,41.01,0
2004,249,33.2,25.54,41.11,0
2004,250,33.08,24.53,41.01,0
2004,251,33.91,25.16,41.64,0
2004,252,33.67,25.89,42.23,0
2004,253,32.64,23.85,41.62,0
2004,254,32.37,24.36,41.03,0
2004,255,32.53,25.6,39.93,0
2004,256,33.28,26.56,39.88,0
2004,257,34.38,28.16,40.64,0.02
2004,258,33.41,28.25,38.7,0.26
2004,259,33.95,27.72,40.63,0.46
2004,260,33.21,27.94,39.26,0.45
2004,261,32.44,27.21,38.46,0.01
2004,262,32.18,26.33,38.02,0
2004,263,32.47,26.65,39.08,0
2004,264,32.36,25.91,39.3,0
2004,265,31.71,25.14,38.62,0.99
2004,266,31.19,25.36,37.75,0.2
2004,267,30.03,24.15,37.06,4.66
2004,268,30.59,23.06,38.18,0
2004,269,30.77,24.59,38.43,0
2004,270,30.35,23.1,38.96,0
2004,271,31.72,24.61,39.41,0
2004,272,31.64,24.39,38.8,0
2004,273,31.63,24.59,38.44,0.11
2004,274,29.66,24.28,36.86,0.05
2004,275,29.5,24.3,35.85,0.03
2004,276,25.23,22.87,28.14,6.03
2004,277,26.93,21.95,33.01,1.94
2004,278,28.18,22.65,35.57,0
2004,279,28.31,20.04,36.24,0
2004,280,29.2,22.61,37.13,0
2004,281,29.23,22.25,37.72,0
2004,282,27.83,19.68,37.22,0
2004,283,28,19.84,36.66,0.01
2004,284,26.99,22.52,33.48,3.22
2004,285,24.38,19.35,31.61,2.59
2004,286,23.03,16.84,30.25,1.04
2004,287,23.03,18.1,29.47,0.02
2004,288,23.21,15.02,31.25,0
2004,289,24.94,17.6,32.94,0.01
2004,290,25.05,18.58,32.96,0
2004,291,24.57,17.83,33.18,0
2004,292,25.35,19.17,33.33,0
2004,293,24.83,17.82,33.59,0.01
2004,294,25.01,18.49,33.19,0
2004,295,24.49,18.49,32.65,0.19
2004,296,24.61,16.68,33.22,0
2004,297,25.61,17.45,33.42,0
2004,298,24.46,17.83,33.07,0
2004,299,23.22,15.58,31.96,0
2004,300,21.64,17.3,29.34,0.1
2004,301,21.9,14.97,30.14,0.04
2004,302,22.31,16.19,30.95,0
2004,303,21.14,15.1,28.94,1.09
2004,304,21.15,15.3,29.29,0
2004,305,21.71,15.07,29.74,0
2004,306,21.69,16.61,29.31,0
2004,307,21.6,14.66,30.57,0
2004,308,21.92,15.13,30.58,0
2004,309,22.13,13.96,30.93,0
2004,310,22.79,14.97,30.9,0
2004,311,21.38,14.6,30.47,0
2004,312,22.04,16.37,30.94,0
2004,313,22.33,16.64,30.64,0
2004,314,22.16,16.15,30.73,0
2004,315,22.71,15.22,30.8,0
2004,316,21.28,12.81,30.45,0
2004,317,20.47,13.7,29.19,0
2004,318,20.17,13.52,29.48,0
2004,319,20.41,13.36,30.72,0
2004,320,21.78,14.71,31.04,0
2004,321,22.71,16.42,30.83,0
2004,322,22.44,18.36,28.52,0
2004,323,21.72,15.29,30.55,0
2004,324,21.6,15.58,30.86,0
2004,325,22.94,15.62,31.17,0
2004,326,23.89,17.4,31.58,0
2004,327,23.36,17.94,31.47,0
2004,328,20.92,13.41,29.69,0
2004,329,21.38,15.54,28.21,0
2004,330,20.17,13.47,27.3,0
2004,331,20.66,15.17,27.28,0
2004,332,19.7,14.78,27.3,0
2004,333,18.72,11.7,26.56,0
2004,334,20.02,15.81,26.9,0.3
2004,335,18.81,14.58,24.95,1.14
2004,336,18.45,13.25,26.25,0.01
2004,337,17.71,11.95,25.52,0.06
2004,338,17.81,12.23,25.78,0
2004,339,17.72,12.34,26.36,0
2004,340,17.08,10.14,26.19,0
2004,341,17.31,9.32,27.16,0
2004,342,19.08,13.65,26.89,0
2004,343,16.5,11.59,25.07,0
2004,344,16.33,8.68,26.42,0
2004,345,17.78,11.37,27.84,0
2004,346,18.23,13.26,25.01,0
2004,347,18.33,11.25,27.14,0
2004,348,18.08,12.3,27.22,0
2004,349,17.6,11.47,27.49,0
2004,350,18.48,10.81,29.63,0
2004,351,18.85,11.79,28.75,0
2004,352,19.44,12.52,28.4,0
2004,353,18.68,11.3,26.63,0
2004,354,16.25,10.05,25.14,4.95
2004,355,12.26,7.25,19.89,2.29
2004,356,13.11,7.02,20.42,0
2004,357,12.98,7.94,20.6,0
2004,358,13.07,6.6,20.87,0
2004,359,13.02,8.81,20.66,0
2004,360,11.19,5.42,20.03,0
2004,361,9.93,3.3,20.33,0
2004,362,10.52,2.81,19.57,0
2004,363,13.89,8.25,21.9,0
2004,364,14.95,10.3,22.44,0.01
2004,365,15.84,8.63,23.63,0.37
2004,366,15.52,9.52,23.15,9.65
2005,1,12.48,7.48,19.47,0.32
2005,2,11.88,6.41,19.29,0.03
2005,3,12.23,8.11,19.25,0.05
2005,4,11.87,7.53,19.2,0
2005,5,11.58,4.62,19.47,0
2005,6,12.41,6.62,20.79,0
2005,7,12,4.85,22.06,0
2005,8,14,5.76,22.61,0
2005,9,15.46,10.86,22.06,0
2005,10,13.2,7.12,22.1,0
2005,11,12.04,7.06,20.93,0
2005,12,12.19,6.44,21.1,0
2005,13,13.09,6.86,22.43,0
2005,14,12.26,5.33,21.89,0.04
2005,15,13.34,6.72,21.13,0
2005,16,13.69,7.9,21.45,0
2005,17,12.86,6.31,19.68,0.08
2005,18,12.72,5.12,19.92,0
2005,19,12.03,6.16,20.03,0
2005,20,12.61,5.53,20.93,0
2005,21,10.63,7.46,13.23,3.3
2005,22,8.84,6.42,13.6,19.64
2005,23,8.98,3.4,15.56,0.02
2005,24,9.62,6.07,14.82,0.11
2005,25,10.31,3.69,18.37,0
2005,26,13.14,5.3,21.9,0
2005,27,11.02,5.54,18.4,19.31
2005,28,10.46,6.34,18.18,2.04
2005,29,10.06,3.37,18.51,0
2005,30,11.47,5.41,18.63,0
2005,31,12.14,5.57,20.56,0
2005,32,12.1,6.76,20.27,0
2005,33,12.89,5.25,21.83,0
2005,34,13.08,9.1,20.52,0
2005,35,13.14,7.17,21.2,0.07
2005,36,11.22,8.36,14.89,1.09
2005,37,10.02,7.65,12.78,7.51
2005,38,11.42,7.65,15.8,3.28
2005,39,14.05,7.84,20.45,2.38
2005,40,13.49,11.16,17.31,14.5
2005,41,15.16,11.07,21.76,3.1
2005,42,17.1,11.39,23.67,0.2
2005,43,18,11.75,25.04,0.14
2005,44,16.74,11.72,24.37,0.04
2005,45,14.26,11.44,18.59,0.29
2005,46,13.03,10.22,18.13,8.65
2005,47,13.42,7.15,20.45,0.03
2005,48,13.52,7.48,21.04,0.01
2005,49,12.73,7.35,19.1,5.48
2005,50,10.93,5.56,18.48,2.61
2005,51,10.43,3.54,18.04,0.06
2005,52,11.74,3.21,19.64,0.02
2005,53,13.27,5.14,22.66,0
2005,54,13.29,8.51,19.32,0.01
2005,55,16.11,9.6,24.78,0
2005,56,16.32,9.74,25.15,0
2005,57,16.68,9.4,24.94,0
2005,58,17.06,12.48,24.71,0.1
2005,59,18,12.05,24.81,0
2005,60,17,13.13,22.08,0.34
2005,61,16.85,11.88,22.86,0.12
2005,62,20.07,12.44,29.28,0.12
2005,63,21.04,14.61,29.27,0.61
2005,64,19.52,14.56,27.13,2.7
2005,65,20.56,13.21,28.43,0.02
2005,66,21.89,15.77,28.54,0
2005,67,21.92,15.15,29.41,0.01
2005,68,17.63,15.58,20.79,4.02
2005,69,16.83,14.44,20.4,1.59
2005,70,19.47,11.37,28.33,0
2005,71,21.43,13.94,30.03,0.02
2005,72,22.51,14.37,31.14,0
2005,73,23.56,14.84,31.33,0
2005,74,25.1,18.95,32.64,0
2005,75,25.85,18.54,34.8,0.1
2005,76,25.27,19.34,33.42,0.43
2005,77,21.77,18.2,28.79,17.4
2005,78,23.95,17.14,31.88,0.34
2005,79,22.68,18.12,29.12,9.15
2005,80,18.06,15.94,20.83,32.26
2005,81,18.65,13.83,24.88,1.05
2005,82,19.33,12.11,26.43,0.27
2005,83,20.89,14.27,27.98,0
2005,84,19.93,14.83,26.99,2.64
2005,85,20.9,12.62,29.02,0.06
2005,86,22.51,15.85,30.64,0.88
2005,87,22.2,14.98,30.64,0.04
2005,88,22.2,13.93,30,0
2005,89,21.95,14.54,30.34,0
2005,90,21.54,11.95,31.25,0
2005,91,23.57,13.95,33.15,0
2005,92,25.03,15.98,33.7,0
2005,93,25.38,15.71,34.77,0
2005,94,25.94,16.96,35.51,0
2005,95,26.63,17.29,37.38,0
2005,96,25.75,16.73,36.51,0
2005,97,25.03,17.01,35.8,0.01
2005,98,20.43,10.78,30.68,0
2005,99,19.76,11.09,29.77,0
2005,100,20.15,11.73,29.35,0
2005,101,21.32,12.68,30.5,0
2005,102,22.19,12.2,32.72,0
2005,103,25.69,16.01,35.32,0
2005,104,26.46,17.85,36.2,0
2005,105,26.3,17.32,36.44,0
2005,106,26.17,17.39,36.08,0
2005,107,26.76,17.62,36.85,0
2005,108,27.61,17.84,38.21,0
2005,109,29.21,19.64,39.03,0
2005,110,28.58,21.05,37.97,0
2005,111,29.4,21.96,37.92,0
2005,112,29.94,22.04,37.76,0
2005,113,29.49,22.95,37.1,0.05
2005,114,28.66,22.28,37.6,0.26
2005,115,28.49,21.52,35.96,1.35
2005,116,27.54,21.47,35.7,4.07
2005,117,26.14,18.05,35.05,5.45
2005,118,26.98,17.94,34.92,0.99
2005,119,29.1,19.77,36.79,0
2005,120,30.5,23.67,37.9,0
2005,121,30.08,22.32,36.79,0.37
2005,122,29.16,24.39,34.66,0.04
2005,123,28.27,22.27,34.69,0.75
2005,124,27.76,21.77,33.46,0.01
2005,125,29.57,22.07,36.62,0
2005,126,32.18,24.94,39.29,0
2005,127,33.4,24.52,41.13,0.02
2005,128,32.28,25.54,39.39,2.58
2005,129,30.7,24.88,37.47,0.8
2005,130,29.81,21.02,38.29,0
2005,131,31.71,22.32,40.27,0
2005,132,32.17,22.38,40.92,0
2005,133,32.38,23.11,41.35,0.12
2005,134,32.51,23.61,40.96,0.02
2005,135,33.06,23.89,41.97,0
2005,136,34.24,24.47,42.81,0
2005,137,34.72,25.27,43.38,0.09
2005,138,34.7,25.75,43.32,0.76
2005,139,34.49,26.06,42.57,0.14
2005,140,34.48,25.59,42.31,0
2005,141,34.98,26.92,42.95,0
2005,142,33.4,27.83,39.74,0
2005,143,33.32,25.07,40.96,0
2005,144,33.94,25.34,41.71,0.01
2005,145,34.88,26.67,42.85,0
2005,146,34.19,26.38,41.83,0.5
2005,147,33.21,25.2,40.43,0
2005,148,33.99,25.72,41.84,0
2005,149,34.46,26.79,40.42,0.1
2005,150,34.87,28.94,41.25,0.13
2005,151,34.27,27.07,41.59,0
2005,152,35.06,25.85,42.78,0
2005,153,35.71,27.41,43.19,0
2005,154,37.94,29.86,45.04,0
2005,155,39,30.83,46.53,0
2005,156,39.65,31.72,47.4,0
2005,157,38.64,31.12,45.71,0
2005,158,36.84,30.99,41.87,0.12
2005,159,36.2,27.17,43.58,0.14
2005,160,37.66,30.99,44.28,0
2005,161,35.24,28.04,41.47,7.25
2005,162,36.16,28.58,43.12,0
2005,163,35.49,28.12,41.74,0
2005,164,34.55,28.67,41.76,0.01
2005,165,35.24,26.75,42.44,0
2005,166,37.06,28.79,43.96,0
2005,167,38.64,30.38,45.84,0
2005,168,38.33,30.1,45.44,0
2005,169,39.27,30.9,46.43,0
2005,170,39.09,31.64,45.85,1.32
2005,171,40.78,33.65,47.8,0
2005,172,40.44,32.44,48.02,0.02
2005,173,41.01,32.3,48.32,0
2005,174,42.03,33.92,49.38,0
2005,175,41.64,33.39,48.12,0
2005,176,41.45,33.67,47.62,0.94
2005,177,41.86,35.52,48.63,0.59
2005,178,40.31,32.5,46.83,0.37
2005,179,37.99,32.03,43.14,17.27
2005,180,34.91,30.85,39.68,8.58
2005,181,33.65,30.38,37.43,36.64
2005,182,32.39,29.22,35.61,88.01
2005,183,32.82,28.35,36.86,4.84
2005,184,32.96,29.1,36.9,10.73
2005,185,33.98,29.31,38.27,1.36
2005,186,31.58,26.59,36.48,4.4
2005,187,30.22,25.87,34.68,3.54
2005,188,27.58,25.11,30.73,12.24
2005,189,30.24,25.24,34.89,17.02
2005,190,33.21,27.45,37.42,0.47
2005,191,35.13,30.39,39.19,0.01
2005,192,34.69,29.37,40.26,2.15
2005,193,31.33,27.68,35.61,4.99
2005,194,30.59,27.54,33.66,1.37
2005,195,31.35,27.22,35.87,2.28
2005,196,32.07,26.66,37.65,0.56
2005,197,32.37,26.95,37.51,0.91
2005,198,32.55,26.81,37.67,1.74
2005,199,30.33,28.29,33.37,8.75
2005,200,33.06,27.07,38.7,1.56
2005,201,34.77,28.53,40.18,5.55
2005,202,34.72,29.85,39.54,2.28
2005,203,34.95,29.61,40.38,0.37
2005,204,34.95,29.69,40.56,2.47
2005,205,34.4,29.99,39.64,0.69
2005,206,35.31,29.33,40.84,0
2005,207,36,30.93,41.18,0.01
2005,208,34.81,29.11,40.27,0.06
2005,209,34.8,29.42,39.67,0.19
2005,210,34.53,29.3,39.58,1.89
2005,211,34.95,29.08,40.62,0.34
2005,212,35.6,28.93,41.72,0.78
2005,213,35.94,29.81,41.38,2.19
2005,214,34.13,29.58,38.14,6.43
2005,215,35.18,30.39,40.35,3.89
2005,216,34.71,29.82,38.91,12.88
2005,217,34.88,29.34,39.45,13.14
2005,218,32.92,28.61,36.71,10.98
2005,219,32.32,28.62,36.86,7.91
2005,220,30.96,26.19,36.17,3.38
2005,221,31.93,26.05,37.89,0.12
2005,222,33.45,28.15,39.39,0
2005,223,34.47,28.04,40.28,0.87
2005,224,35.22,28.85,41.12,0.78
2005,225,35.31,30.27,40.65,0.01
2005,226,35.21,29.06,41.51,0.01
2005,227,36.06,29.32,42.37,0.02
2005,228,35.09,30.15,40.23,8.13
2005,229,34.13,29.27,38.78,3.55
2005,230,34.37,29.01,40.23,0.49
2005,231,34.58,28.83,40.69,0.17
2005,232,34.74,30.05,40.28,0.68
2005,233,34.44,28.57,40.71,0.42
2005,234,34.66,28.76,41.77,1.99
2005,235,34.29,27.33,41.58,1.71
2005,236,34.72,27.03,41.65,0
2005,237,34.63,27.25,41.61,0.12
2005,238,34.3,27.68,40.8,0.08
2005,239,34.05,27.99,40.62,0.32
2005,240,33.56,27.42,40.69,0.08
2005,241,32.86,26.43,39.75,0.05
2005,242,33.99,27.44,40.83,0
2005,243,34.24,27.12,41.02,0
2005,244,34.46,26.14,41.65,0
2005,245,34.92,26.55,42.57,0
2005,246,35.59,28.09,42.68,0
2005,247,35.03,27.57,42.87,0
2005,248,34.6,26.96,42.34,0.14
2005,249,35.17,28.58,41.99,0.08
2005,250,33.33,29.5,37.45,0.02
2005,251,32.07,28.77,36.53,13.17
2005,252,30.5,27.76,33.84,9.24
2005,253,30.33,25.69,35.79,6.07
2005,254,31.08,25.11,36.7,0.15
2005,255,30.27,26.71,34.89,4.37
2005,256,28.87,24.76,34.15,2.28
2005,257,26.1,23.84,29.77,17.01
2005,258,28.58,23.79,34.39,2.65
2005,259,31.3,24.64,38.4,0.02
2005,260,31.26,26.08,36.99,6.12
2005,261,29.16,24.32,33.94,7.86
2005,262,30.44,23.53,37.05,0
2005,263,32,24.15,39.16,0
2005,264,33.06,26.35,39.31,0
2005,265,31.07,26.56,36.21,6.51
2005,266,30.99,26.19,35.87,1.91
2005,267,30.81,25.39,37.38,0.05
2005,268,30.38,23.59,37.65,0.01
2005,269,30.24,24.53,37.15,0
2005,270,30.77,24.57,38.03,0
2005,271,31.12,24.63,37.57,0
2005,272,31.25,24.69,38.15,0
2005,273,30.91,23.18,38.02,0
2005,274,30.31,22.94,37.64,0
2005,275,29.4,20.94,37.83,0
2005,276,28.77,19.96,38.07,0
2005,277,29.46,21.04,37.48,0
2005,278,29.67,23.12,36.88,0
2005,279,29.53,21.62,37.57,0
2005,280,30.39,23.38,38.56,0
2005,281,29.44,22.27,37.63,0
2005,282,29.24,22.25,37.18,0.14
2005,283,29.3,22.35,36.41,0.01
2005,284,28.26,20.68,36.51,0
2005,285,27.41,22.51,34.91,2.37
2005,286,27.13,20.68,34.91,0
2005,287,27.42,20.39,34.83,0
2005,288,26.68,19.63,34.13,0
2005,289,25.26,18.47,33.62,0.53
2005,290,24.78,18.23,33.08,0.63
2005,291,24.7,18.22,33.46,0
2005,292,24.21,17.05,33.59,0
2005,293,24.34,16.44,32.82,0
2005,294,23.89,17.34,33.17,0
2005,295,24.43,16.6,33.85,0
2005,296,25.1,17.86,33.63,0
2005,297,23.03,14.67,32.51,0
2005,298,22.59,14.82,32.53,0
2005,299,23.91,15.98,33.18,0
2005,300,24.51,17.79,33.35,0
2005,301,23.9,17.44,32.19,0
2005,302,23.56,17.7,32.43,0
2005,303,23.9,14.58,33.55,0
2005,304,22.37,14.86,30.86,0
2005,305,19.97,13.28,28.9,0
2005,306,20.51,14.16,28.83,0
2005,307,20.76,15.87,28.05,0
2005,308,21.72,14.74,29.74,0.17
2005,309,20.59,15.12,28.8,0
2005,310,19.48,13.69,28.26,0
2005,311,19.25,11.91,28.43,0
2005,312,20.75,15.71,28.71,0
2005,313,21.12,16.06,29.02,0
2005,314,21.38,15.84,29.4,0
2005,315,21.27,16.11,29.3,0.15
2005,316,21.19,15.48,30.61,0.11
2005,317,20.82,13.68,30.87,0
2005,318,20.46,12.53,29.88,0
2005,319,19.81,13.22,28.93,0
2005,320,18.97,12.82,28.7,0
2005,321,17.24,9.15,28.47,0
2005,322,18.37,8.68,28.89,0
2005,323,19.09,11.83,28.78,0
2005,324,20.1,14.39,29.01,0
2005,325,20.14,15.47,29.44,0
2005,326,19.57,14.5,28.71,0
2005,327,19.85,13.2,28.82,0
2005,328,19.99,13.82,28.81,0
2005,329,19.77,14.44,27.07,0
2005,330,18.88,14.21,25.75,0
2005,331,15.52,11.17,21.83,0.46
2005,332,17.1,11.7,25.24,0.96
2005,333,15.77,10.31,24.83,0.02
2005,334,13.86,6.66,23.92,0
2005,335,13.67,5.91,23.49,0
2005,336,13.29,5.86,23.61,0
2005,337,13.64,6.49,23.62,0
2005,338,14.27,8.08,24.37,0
2005,339,14.94,6.58,25.59,0
2005,340,16.88,9.88,25.76,0
2005,341,17.81,11.77,26.61,0
2005,342,18.04,12.21,26.35,0
2005,343,17.11,11.1,25.64,0
2005,344,15.41,8.37,25.76,0
2005,345,14.85,7.81,24.58,0
2005,346,14.29,8.94,23.04,0
2005,347,12.86,7.76,22.21,0
2005,348,12.91,5.13,23.31,0
2005,349,13.43,6.38,23.16,0
2005,350,13.7,8.26,23.4,0
2005,351,12.02,4.93,23.28,0
2005,352,12.74,6.2,23.74,0
2005,353,14.17,7.53,22.97,0
2005,354,14.52,9.19,22.81,0
2005,355,14.53,9.29,22.28,0
2005,356,13.35,7.64,22.39,0
2005,357,13.21,6.82,22.23,0
2005,358,12.74,6.41,21.42,0
2005,359,11.96,5.6,21.66,0
2005,360,14.32,8.52,22.48,0
2005,361,15.04,9.33,22.19,0
2005,362,13.31,6.88,22.11,0
2005,363,14.1,7.62,22.27,0
2005,364,13.64,7.48,21.26,0
2005,365,13.63,6.78,21.97,0
2006,1,14.53,9.15,21.88,1.01
2006,2,11.84,9.1,16.09,7.73
2006,3,10.15,5.61,17.09,0.03
2006,4,9.43,4.47,17.72,0
2006,5,8.51,1.75,18.59,0
2006,6,7.64,0.33,18.17,0
2006,7,8.9,1.1,18.78,0
2006,8,10.09,3.57,19.99,0
2006,9,10.13,5.74,15.95,0
2006,10,11.35,5.08,20.43,0
2006,11,12.06,3.5,23.26,0
2006,12,13.43,5.52,22.69,0
2006,13,15.2,8.81,24.52,0
2006,14,15.48,8.91,24.03,0.02
2006,15,13.24,8.85,19.89,0.97
2006,16,14.71,9.85,23.05,1.67
2006,17,14.01,10.8,18.55,2.14
2006,18,13.77,8.86,21.52,0
2006,19,11.93,5.88,20.49,0
2006,20,11.37,4.66,20.61,0
2006,21,10.46,3.48,19.71,0
2006,22,11.54,6.25,20.05,0
2006,23,11.31,5.39,20.18,0
2006,24,10.78,2.84,21.23,0
2006,25,12.39,5.1,21.84,0
2006,26,12.85,7.16,21.59,0
2006,27,13.71,6.73,23.24,0
2006,28,14.9,10.31,22.22,0.01
2006,29,14.05,8.94,20.86,0.01
2006,30,17.09,9.33,27.03,0
2006,31,17.87,10.74,27.4,0
2006,32,17.77,12.45,26.87,0
2006,33,17.06,8.39,27.82,0
2006,34,17.86,10.06,28.98,0
2006,35,16.96,7.76,29.51,0
2006,36,18.94,10.37,29.44,0
2006,37,19.22,11.27,27.02,0
2006,38,19.64,13.54,27.71,0
2006,39,19.47,12.26,28.72,0
2006,40,19.61,12.3,29.66,0
2006,41,20.09,13.62,29.83,0
2006,42,22.18,14.67,30.81,0
2006,43,21.79,12.99,31.14,0
2006,44,21.96,17.15,30.23,0.01
2006,45,22.12,15.65,30.58,0.07
2006,46,21.32,14.8,30.12,0.03
2006,47,22.06,14.9,31.41,0.01
2006,48,22.04,14.52,31.31,0
2006,49,22.02,17.29,28.82,0
2006,50,22.03,15.84,29.36,0
2006,51,22.87,16.21,32.39,0.02
2006,52,22.03,14.57,31.35,0
2006,53,22.75,16.19,31.91,0
2006,54,21.86,13.69,31.11,0.17
2006,55,22.41,15.13,31.43,0.02
2006,56,21.27,16.43,28.8,1.59
2006,57,20.51,14.76,27.91,1.9
2006,58,19.33,12.67,28.13,1.92
2006,59,19.23,11.03,29.76,0
2006,60,20.57,12.23,30.68,0
2006,61,21.84,14.72,31.45,0
2006,62,22.58,13.23,31.43,0
2006,63,21.82,13.8,31.83,0
2006,64,21.8,14.36,30.86,0
2006,65,22.22,16.36,29.72,0.12
2006,66,21.44,14.07,30.99,0.01
2006,67,21.95,14.24,31.58,0
2006,68,21.45,16.18,27.44,0.11
2006,69,20.19,16.84,28.24,1.37
2006,70,20.7,14.49,28.35,1.04
2006,71,21.76,13.83,29.45,0.32
2006,72,20.28,15.74,25.66,1.18
2006,73,18.1,15.29,22.93,13.58
2006,74,18.53,13.61,24.46,5.75
2006,75,19.36,12.03,28.11,0
2006,76,19.67,12.03,28.56,0
2006,77,20.22,12.3,29.85,0
2006,78,21.76,14.85,30.06,0.01
2006,79,20.01,14.66,27.41,0.65
2006,80,20.62,13.06,29.48,0
2006,81,21.73,11.81,31.4,0
2006,82,24.25,16,33.71,0
2006,83,21.98,16.44,28.92,1.13
2006,84,21.55,13.12,29.88,0
2006,85,21.18,14.67,27.94,8.83
2006,86,21.45,14.75,29.68,1.54
2006,87,20.86,13.08,29.05,1.52
2006,88,22.85,13.22,32.73,0
2006,89,25.02,15.08,34.95,0
2006,90,27.33,20.66,35.68,0
2006,91,27.66,17.56,36.2,0.03
2006,92,26.38,17.28,36.14,0
2006,93,26.02,17.5,35.39,0
2006,94,27.55,19.85,36.98,0
2006,95,28.02,18.03,38.58,0
2006,96,29.88,21.16,40.34,0
2006,97,30.45,21.24,40.37,0
2006,98,28.43,21.42,37.03,0.01
2006,99,28.38,21.63,38.06,0.23
2006,100,25.2,17.42,34.26,0.01
2006,101,23.78,13.48,34.51,0
2006,102,23.74,14.23,33.71,0
2006,103,25.1,15.93,34.85,0
2006,104,26.53,18.4,35.86,0
2006,105,27.16,18.6,36.32,0
2006,106,27.88,19.09,36.61,0
2006,107,26.85,19.13,34.84,0
2006,108,29.2,20.84,37.19,0
2006,109,29.02,20.14,37.42,0.01
2006,110,29.69,20.27,37.4,0
2006,111,30.71,22.86,37.77,0.02
2006,112,31.8,22.08,39.65,0.01
2006,113,32.74,23.53,41.49,0.04
2006,114,32.86,22.6,41.33,0.13
2006,115,35.08,25.62,43.48,0
2006,116,35.2,25.49,43.89,0
2006,117,36.17,26.96,44.97,0
2006,118,35.76,26.1,44.77,0
2006,119,34.63,26.15,43.01,0.36
2006,120,34.45,27.2,42.23,0
2006,121,33.94,24.83,42.88,0
2006,122,33.02,26.72,40.88,0.16
2006,123,33.48,23.83,41.65,0.24
2006,124,35.84,26.74,43.19,0
2006,125,38.06,29.65,46.17,0
2006,126,37.47,26.49,45.99,0
2006,127,37.88,27.1,46.3,0
2006,128,37.8,27.93,46.22,0.03
2006,129,36.59,28.95,44.18,0.71
2006,130,36.55,28.48,44.61,0
2006,131,37.62,29.54,45.72,0
2006,132,38.36,28.98,46.51,0
2006,133,39.02,29.73,47.39,0
2006,134,38.32,29.22,47.07,0
2006,135,38.73,30.55,46.21,0
2006,136,38.96,30.77,46.45,2.27
2006,137,35.42,30.1,41.75,3.48
2006,138,35.04,28.17,40.99,0.5
2006,139,35.7,29.38,41.65,0.93
2006,140,35.47,29.28,41.66,1.74
2006,141,36.19,29.57,42.96,0.06
2006,142,37.26,29.38,43.86,0.05
2006,143,35.74,29.33,41.22,4
2006,144,36.79,29.36,43,0
2006,145,37.99,30.57,45.37,0.63
2006,146,37.95,29.82,44.89,0.64
2006,147,39.25,29.92,46.92,0
2006,148,39.16,31.01,46.54,0.02
2006,149,37.52,28.84,44.8,2.53
2006,150,38.52,30.14,44.79,0
2006,151,38.63,30.43,45.62,0
2006,152,36.06,28.48,42.91,5.85
2006,153,36.76,29.08,44.15,0.05
2006,154,35.77,29.23,41.82,0.17
2006,155,35.42,29.23,41.31,0.3
2006,156,35.21,30.31,40.6,0.22
2006,157,36.08,29.43,42.51,0
2006,158,36.79,30.05,43.66,0
2006,159,36.43,28.58,43.52,0
2006,160,37.35,28.3,45.15,0
2006,161,38.17,30.12,45.74,0
2006,162,37.66,28.28,46.16,0
2006,163,37.72,29.63,45.32,0.3
2006,164,36.65,31.26,42.55,2.64
2006,165,35.35,28.28,41.44,0.22
2006,166,36.54,29.64,43.02,0.05
2006,167,32.13,27,36.46,20.27
2006,168,30.63,23.59,36.85,2.95
2006,169,32.86,25.57,39.34,0
2006,170,31.47,26.28,36.16,4.01
2006,171,33.53,25.66,40.18,0
2006,172,34.68,26.8,41.02,0
2006,173,36.44,29,43.41,0
2006,174,36.73,29.71,43.2,0.02
2006,175,37.03,31.45,42.74,3.36
2006,176,35.01,30.44,39.61,6.37
2006,177,33.66,29.37,37.07,14.71
2006,178,33.55,29.58,37.38,19.08
2006,179,32.49,27.87,36.59,15.94
2006,180,33.85,29.07,38.27,5.74
2006,181,33.79,28.22,39.09,0.84
2006,182,35.33,28.47,41.19,0
2006,183,37.42,30.7,43.36,0.01
2006,184,35.92,30.67,41.96,5.1
2006,185,36.35,29.32,42.87,0.88
2006,186,36.83,30.5,42.24,0.24
2006,187,37.71,31.81,42.64,0.01
2006,188,38.06,31.9,42.98,0
2006,189,38.83,33.67,44.04,0.04
2006,190,36.98,31.81,42.24,9.55
2006,191,33.75,30.33,37.94,2.34
2006,192,33.66,29.69,39.14,6.78
2006,193,32.05,28.54,35.19,27.28
2006,194,30.35,27.88,33.48,60.35
2006,195,29.87,26.05,33.89,3.32
2006,196,32.13,26.58,37.52,0.02
2006,197,33.54,27.89,39.49,0.01
2006,198,34.13,28.31,39.79,0
2006,199,33.98,27.49,40.64,1.68
2006,200,32.76,27.37,37.85,4.21
2006,201,32.94,28.18,37.87,1.66
2006,202,33.43,27.68,38.82,0.11
2006,203,34.48,28.51,39.85,0.01
2006,204,31.59,28.17,36.37,7.08
2006,205,31.05,26.84,35.14,34.34
2006,206,32,27.93,35.49,9.13
2006,207,31.06,27.01,35.32,12.66
2006,208,29.08,25.85,32.72,23.01
2006,209,30.36,26.27,34.82,5.14
2006,210,30.24,26.24,34.64,4.45
2006,211,31.87,26.2,36.44,2.16
2006,212,32.32,27.84,36.01,0.7
2006,213,31.38,26.63,36.69,1.12
2006,214,31.14,27.19,35.71,1.93
2006,215,31.17,27.07,35.35,2.43
2006,216,29.95,26.93,34.05,8.99
2006,217,29.57,26.79,32.82,4.77
2006,218,29.92,25.4,34.6,5.79
2006,219,29.68,26.18,33.57,7.82
2006,220,30.18,25.73,34.64,0.4
2006,221,30.65,26.21,35.4,0
2006,222,31.63,26.6,36.89,0.3
2006,223,31.62,27.43,35.95,0.96
2006,224,32.53,26.96,38.12,0.25
2006,225,32.92,28,37.56,0
2006,226,32.81,28.5,37.46,8.89
2006,227,31.05,27.55,34.97,5.81
2006,228,31.18,27.23,35.31,0.03
2006,229,31.9,27.57,36.09,1.21
2006,230,33.27,27.97,38.78,0.66
2006,231,33.26,27.86,38.67,0.09
2006,232,32.3,28.06,37.07,0.1
2006,233,32.42,27.68,37.55,0.04
2006,234,33.17,27.99,38.37,0.68
2006,235,33.16,28.58,37.43,2.7
2006,236,33.61,28.51,38.68,1.3
2006,237,33.81,28.32,39.39,0.28
2006,238,34.01,28.91,38.79,0.05
2006,239,32.18,28,35.89,38.24
2006,240,29.16,25.87,32.92,10.75
2006,241,29.82,25.34,34.63,3.26
2006,242,29.33,25.37,34.08,0.09
2006,243,29.5,24.84,34.7,2.59
2006,244,26.39,23.17,29.65,32.89
2006,245,24.37,21.62,27.73,59.83
2006,246,26.49,23.15,31.08,27.75
2006,247,26.85,21.09,32.24,0
2006,248,27.58,22.23,31.91,0
2006,249,28.49,22.92,32.83,0
2006,250,29.88,25.87,33.85,0.51
2006,251,29.77,25.28,33.96,0.2
2006,252,30.36,25.46,34.37,0
2006,253,30.36,25.91,35,0
2006,254,29.7,24.97,34.57,0.17
2006,255,29.92,25.52,35.14,0.2
2006,256,29.21,24.38,34.76,0.73
2006,257,28.98,24.22,34.14,1.29
2006,258,28.97,24.41,33.85,3.94
2006,259,28.82,23.61,34.16,0.61
2006,260,29.38,24.14,35.27,0
2006,261,29.29,24.05,34.81,0
2006,262,29.37,23.9,35.32,0.01
2006,263,29.26,23.94,35.47,0.91
2006,264,29.05,23.57,34.66,0.71
2006,265,28.02,23.15,33.95,1.32
2006,266,27.6,21.51,34.06,0
2006,267,27.48,21.43,34.08,0
2006,268,27.62,21.57,35.34,0
2006,269,27.64,21.25,35.62,0
2006,270,27.51,21.39,35.28,0
2006,271,27.45,21.41,35.79,0
2006,272,27.62,21.7,35.21,0
2006,273,28.18,22,36.07,0
2006,274,28.29,21.3,35.99,0
2006,275,28.9,22.17,36.19,0
2006,276,28.8,22.38,37.32,0
2006,277,29.08,21.97,36.82,0
2006,278,28.77,22.56,37.88,0
2006,279,27.68,19.65,37.76,0
2006,280,27.68,21.26,37.23,0
2006,281,27.72,20.62,36.06,0
2006,282,28.76,22.49,36.65,0
2006,283,28.97,23.12,35.96,0
2006,284,29.06,22.64,35.88,0
2006,285,28.56,22.49,36.28,0.01
2006,286,26.98,21.19,33.6,6.96
2006,287,26.12,21.39,32.12,0.77
2006,288,25.98,20.51,33.38,0.01
2006,289,26.53,19.28,33.85,0
2006,290,26.84,21.58,33.9,0
2006,291,26.83,20.1,33.95,0
2006,292,26.51,20.81,33.51,2.8
2006,293,21.15,17.97,25.12,33.9
2006,294,21.82,16.05,28.35,0.01
2006,295,22.58,16.99,28.74,0
2006,296,22.85,17.12,29.35,0
2006,297,23.29,17.81,28.9,0
2006,298,24.65,19.44,30.56,0
2006,299,23.86,19.34,30.3,0
2006,300,23.55,18.32,30.35,0.04
2006,301,23.84,18.15,30.82,0
2006,302,23.35,18.02,30.11,0
2006,303,23.57,18.56,30.34,0
2006,304,23.9,17.37,30.33,0
2006,305,23.47,18.13,29.98,0
2006,306,23.51,18.8,29.29,0
2006,307,23.16,18.38,29.58,0
2006,308,23.44,17.55,30.06,0
2006,309,23.15,18.39,29.55,0
2006,310,22.15,16.07,29.37,0
2006,311,22.06,17.3,28.82,0
2006,312,21.73,16.52,29.27,0
2006,313,21.44,15.71,28.36,0
2006,314,20.82,14.94,27.4,0
2006,315,22.23,17.36,29.73,0.05
2006,316,21.76,18.34,27.88,0.66
2006,317,20.57,16.2,27.94,0.35
2006,318,20.73,13.74,28.99,0
2006,319,20.24,15.19,26.99,0
2006,320,18.93,12.2,27.36,0.2
2006,321,18.76,14.4,25.73,3.52
2006,322,17.99,13.83,23.88,0.01
2006,323,18.34,12.46,26.1,0.04
2006,324,18.46,12.06,27.32,0
2006,325,19.43,13.64,27.37,0.03
2006,326,19.2,14.89,25.08,5.21
2006,327,17.45,12.19,24.9,0.02
2006,328,16.06,9.77,24.23,0
2006,329,14.69,8.84,23.73,0
2006,330,14.58,7.18,23.41,0
2006,331,14.78,10.66,21.52,0
2006,332,14.36,9.06,22.08,0
2006,333,14.47,9.52,23.27,0
2006,334,14.15,7.69,23.44,0
2006,335,14.25,7.94,23.03,0
2006,336,15.46,9.38,23.72,0
2006,337,14.84,11.5,21.63,0.44
2006,338,14.51,12.21,20.64,6.46
2006,339,15.28,11.19,19.62,11.28
2006,340,15.23,10.46,21.44,0.09
2006,341,12.88,7.2,20.9,0
2006,342,14.53,7.97,22.12,0
2006,343,15.8,10.67,22.54,0
2006,344,14.67,10.7,21.31,5.69
2006,345,12.7,7.75,19.27,0.05
2006,346,12.34,8.03,19.59,0
2006,347,12.09,7.64,20.38,0
2006,348,12.2,5.66,22.37,0
2006,349,12.99,4.59,22.55,0
2006,350,14.26,8.88,23.36,0
2006,351,13.86,6.84,24.81,0
2006,352,13.74,6,24.16,0
2006,353,14.43,8.54,23.16,0
2006,354,12.62,7.06,20.28,0
2006,355,12.19,6.99,20.62,0
2006,356,12.8,7.43,21.89,0.04
2006,357,12.64,5.66,21.42,0
2006,358,12.94,7.4,21.19,0
2006,359,12.67,6.3,20.66,0.25
2006,360,11.59,8.6,16.44,2.15
2006,361,11.41,5.93,20.01,0.17
2006,362,11,3.06,20.47,0
2006,363,12.73,7.28,19.74,0
2006,364,12.07,6.52,18.73,0
2006,365,11.64,7.14,18.89,0
2007,1,11.17,6.3,19.68,0
2007,2,10.83,5.04,20.04,0
2007,3,9.8,3.41,18.91,0
2007,4,9.15,2.47,18.28,0
2007,5,9.67,1.74,18.73,0
2007,6,9.18,3.34,17.87,0
2007,7,7.99,0.32,16.96,0
2007,8,9.87,1.64,17.85,0
2007,9,9.92,4.41,18.5,0
2007,10,9.35,4.89,17.61,0
2007,11,10.39,3.18,19.64,0
2007,12,11.4,5.03,19.55,0
2007,13,11.34,5.78,19.44,0
2007,14,10.67,5.9,18.33,0
2007,15,11.85,5.93,20.53,0
2007,16,12.67,5.9,22.28,0
2007,17,12.24,6.76,22.09,0
2007,18,12.6,6.38,20.4,0
2007,19,12.21,6.03,21.3,0
2007,20,10.82,4.11,19.75,0
2007,21,11.51,5.22,21.64,0
2007,22,10.13,1.84,21.77,0
2007,23,12.81,4.02,22.18,0
2007,24,13.32,7.98,21.91,0
2007,25,14.55,6.65,25.07,0
2007,26,17.74,10.05,27.35,0
2007,27,17.88,11.69,26.18,0
2007,28,17.27,13.08,24.25,0
2007,29,16.99,9.49,26.66,0
2007,30,18.63,13.15,27.53,0.12
2007,31,17.43,11.76,26.19,0
2007,32,17.4,7.88,27.53,0
2007,33,17.85,12.12,26.71,0
2007,34,16.52,11.04,23.73,0
2007,35,16.97,11.37,25.74,0
2007,36,17.59,9.58,25.82,0
2007,37,17.84,12.82,25.61,0.03
2007,38,18.44,11.82,26.11,0
2007,39,18.66,12.42,25.53,0.11
2007,40,15.69,13.64,18.96,1.87
2007,41,14.35,13.38,16.4,26.49
2007,42,14.05,10.6,18.22,32.57
2007,43,12.53,8.47,17.23,4.07
2007,44,12.81,8.93,16.42,8.88
2007,45,12.62,7.98,18.67,0.53
2007,46,12.28,7.23,17.03,0.88
2007,47,13.87,8.6,19.96,0
2007,48,14.53,9.44,21.42,0
2007,49,13.42,7.84,20.48,2.2
2007,50,13.47,7.02,22.03,0.01
2007,51,14.45,6.9,23.59,0
2007,52,14.89,9.08,23.77,0.96
2007,53,15.17,8.07,24.26,0.03
2007,54,15.83,6.81,24.08,0
2007,55,17.92,12.82,25.92,0
2007,56,17.44,10.93,24.94,0
2007,57,17.4,10.61,24.63,0.01
2007,58,14.03,12.22,17.13,4.67
2007,59,14.33,9.58,19.85,1.92
2007,60,15.15,9.52,23.1,0.06
2007,61,16.16,9.01,24.16,0
2007,62,16.91,12.31,24.33,0.17
2007,63,17.16,10.34,25.83,0
2007,64,16.43,10.06,25.72,0.08
2007,65,16.01,7.06,26.03,0
2007,66,18.21,10.11,27.69,0
2007,67,19.51,13.11,28.43,0
2007,68,18.74,11.44,28.46,3.21
2007,69,17.01,12.34,23.47,1.87
2007,70,16.17,12.96,23.58,2.51
2007,71,15.07,11.98,18.41,33.79
2007,72,15.25,9.56,22.27,3.25
2007,73,14.78,8.67,21.71,0.57
2007,74,15.61,8.67,23.23,0
2007,75,17.19,9.62,25.92,0
2007,76,19.82,11.51,28.12,0
2007,77,21.92,14.93,29.93,0
2007,78,22.01,16.28,30.55,3.11
2007,79,22.27,16.68,29.9,3.2
2007,80,21.03,16.55,27.6,12.08
2007,81,19.83,13.48,27.66,0
2007,82,20.37,11.75,29.43,0
2007,83,20.33,12.61,28.53,0
2007,84,20.51,14,29.49,0
2007,85,22.19,12.9,31.42,0
2007,86,24.92,16.47,32.93,0
2007,87,25.16,17.65,34.84,0
2007,88,26.24,17.44,35.89,0
2007,89,27.06,18.5,36.25,0
2007,90,27.11,19.56,36.53,0
2007,91,23.34,16.89,29.72,0
2007,92,22.9,14.24,32.43,0
2007,93,23.5,14.52,34.06,0
2007,94,25.58,16.47,35.71,0
2007,95,26.9,19.12,36.05,0
2007,96,27.03,19.17,35.63,0.04
2007,97,27.73,21.23,35.78,0.03
2007,98,27.06,19.77,35.78,0
2007,99,27.6,19.93,36.38,0
2007,100,28.44,19.07,38.92,0
2007,101,30.2,21.64,39.22,0
2007,102,30.48,21.89,39.82,0
2007,103,30.85,22.15,40.65,0
2007,104,31.32,23.57,41,0
2007,105,32.09,23.94,41.64,0
2007,106,32.43,23.06,42.21,0
2007,107,34,25.94,41.95,0
2007,108,32.17,25.52,39.56,1.18
2007,109,31.29,23.73,39.04,0.66
2007,110,31.4,23.91,39.52,0
2007,111,32.27,24.55,40.5,0.22
2007,112,32.47,22.65,41.93,0
2007,113,31.77,23.34,40.35,0.33
2007,114,31.96,23.52,40.95,0
2007,115,32.12,22.79,41.47,0
2007,116,32.75,23.07,42.06,0
2007,117,34.17,25.19,43.22,0
2007,118,32.91,22.39,42.82,0
2007,119,33.88,23.86,43.89,0
2007,120,34.49,24.67,44.26,0
2007,121,35.31,25.69,44.66,0
2007,122,35.08,26.39,43.71,0
2007,123,34.79,27.16,42.84,0
2007,124,33.36,25.02,41.12,6.37
2007,125,34.03,25.73,41.41,2.44
2007,126,35.01,26.46,42.74,0
2007,127,34.95,26.8,43.09,0
2007,128,34.71,26.99,42.58,0.2
2007,129,33.94,26.89,40.8,2.2
2007,130,34.59,26.93,42.64,1.11
2007,131,33.65,25.74,40.64,1.94
2007,132,33.65,26.05,41.1,0
2007,133,33.84,24.94,41.47,0
2007,134,36.15,26.92,43.83,0
2007,135,38.17,29.6,45.87,0
2007,136,38.09,30.31,45.45,1.08
2007,137,35.87,27.88,43.7,0.67
2007,138,37.4,27.95,44.96,0.01
2007,139,37.4,30.17,44.31,0.85
2007,140,36,29.96,42.72,0
2007,141,35.83,28.24,43.28,0.02
2007,142,34.52,27.09,41.66,0.46
2007,143,35.23,26.22,43.1,0.18
2007,144,35.25,27.48,42.27,0
2007,145,34.28,26.31,41.26,0.49
2007,146,32.74,25.79,39.2,0.84
2007,147,31.52,24.25,38.13,0.03
2007,148,30.9,25.45,36.12,0.02
2007,149,32.77,24.71,39.75,0
2007,150,34.44,27.6,41.23,0
2007,151,35.16,27.52,42.54,0.31
2007,152,37.19,29.23,44.16,0
2007,153,38.49,31.33,45.5,0
2007,154,37.37,29.75,44.38,0.13
2007,155,36.15,29.77,43.28,0
2007,156,36.75,29.12,43.86,0
2007,157,37.85,29.59,45.27,1.14
2007,158,38.55,29.33,46.54,0
2007,159,40.2,31.19,48.61,0
2007,160,41.63,31.74,50.38,0
2007,161,42.54,33.43,50.61,0
2007,162,41.79,32.01,49.71,0
2007,163,42.81,35.79,48.93,0.82
2007,164,42.01,36.35,47.48,0.57
2007,165,40.55,34.21,46.01,10.62
2007,166,33.33,28.69,38.59,13.92
2007,167,32.87,27.92,36.62,18.28
2007,168,32.22,28.08,35.5,16.12
2007,169,32.64,26.56,38.16,0.12
2007,170,34.45,28.84,39.91,1.53
2007,171,34.94,27.81,40.57,0.1
2007,172,34.87,29.12,40.52,1.56
2007,173,36.1,29.28,41.68,0.04
2007,174,35.28,30.44,40.16,1.77
2007,175,35.68,29.51,41.23,0.35
2007,176,36.5,31.04,41.83,2.27
2007,177,35.43,30.38,40.72,1.22
2007,178,36.2,30.31,42.05,0.02
2007,179,35.49,31.4,39.15,22.08
2007,180,31.75,29.18,34.24,38.54
2007,181,31.61,27.68,35.25,3.24
2007,182,34.51,28.66,39.42,0.81
2007,183,35.03,29.7,40.07,0.61
2007,184,33.72,29.81,37.35,0.63
2007,185,33.97,28.77,38.88,0
2007,186,34.77,28.62,39.37,4.44
2007,187,35.75,31.56,40.48,5.52
2007,188,35.75,29.45,41.53,1.73
2007,189,34.22,30.68,38.27,2.87
2007,190,34.58,29.03,40.62,0.03
2007,191,35.35,29.25,40.7,0.68
2007,192,36.08,30.56,40.83,2.51
2007,193,36.37,30.93,41.1,3.8
2007,194,36.23,32.03,40.29,5.48
2007,195,34.99,29.3,39.23,8.35
2007,196,33.41,28.88,38.48,3.97
2007,197,34.06,27.57,40.29,0.04
2007,198,34.65,27.87,41.46,0.44
2007,199,34.59,28.32,40.72,7.3
2007,200,36.44,30.82,42.13,0.16
2007,201,36.21,30.22,42.09,1.15
2007,202,34.86,30.97,38.32,9.27
2007,203,33.84,30.3,37.63,7.15
2007,204,33.96,29.29,38.55,0.92
2007,205,34.01,29.43,38.54,6.34
2007,206,34.7,29.55,39.86,1.76
2007,207,35.77,29.38,42.18,1.76
2007,208,35.1,30.16,40.93,1.71
2007,209,34.33,28.8,39.79,3.37
2007,210,34.34,28.75,39.99,3.91
2007,211,34.08,28.94,39.65,4.34
2007,212,34.72,28.86,40.51,1.1
2007,213,35.4,30.05,41.07,2.36
2007,214,34.11,29.43,39.55,12.14
2007,215,32.67,28.26,37.46,7.31
2007,216,32.97,27.83,38.36,0.45
2007,217,31.65,27.98,36.97,2.19
2007,218,29.2,27.36,31.41,19.56
2007,219,30.69,26.16,34.27,7.59
2007,220,33.51,27.05,39.25,0.84
2007,221,33.76,28.69,39.03,0.09
2007,222,33.8,28.99,38.77,0
2007,223,35.58,30.02,40.93,0
2007,224,36.04,31.01,40.67,1.94
2007,225,35.49,30.92,40.37,3.22
2007,226,35.21,31.18,40.07,2.2
2007,227,33.97,30.02,38.66,1.49
2007,228,33.72,28.89,38.88,1.93
2007,229,33.94,28.52,40.42,1.32
2007,230,34.32,28.04,41.15,0.01
2007,231,34.46,28.07,41.26,0.32
2007,232,32.5,27.97,37.46,0.32
2007,233,33.34,27.89,38.95,0.06
2007,234,33.76,28.66,38.74,0.44
2007,235,32.47,28.81,36.8,14
2007,236,32.06,26.99,36.99,8.35
2007,237,33.5,27.87,39.58,1.33
2007,238,34.08,28.17,40.36,0.16
2007,239,33.74,28.5,39.82,5.45
2007,240,33.27,28.14,39.19,3.35
2007,241,33.26,27.95,39.44,0.05
2007,242,33.22,27.23,39.19,0.03
2007,243,33.15,27.74,39.08,3.96
2007,244,32.38,26.71,38.79,3.15
2007,245,32.93,26.69,39.25,0.31
2007,246,33.6,28.2,39.6,0.56
2007,247,33.93,27.99,39.82,1.2
2007,248,33.31,28.33,39.22,6.43
2007,249,30.88,26.48,35.97,14.55
2007,250,30.72,26.08,35.61,0.53
2007,251,31.18,25.35,37.24,0.29
2007,252,31.57,26.29,37.86,0
2007,253,31.15,25.8,36.85,5.12
2007,254,30.61,26.4,35.66,1.41
2007,255,31.14,26.05,37.16,0.24
2007,256,31.93,25.81,38.66,0.04
2007,257,31.76,26.05,38.27,0
2007,258,32.37,25.49,39.11,0
2007,259,32.6,26.66,38.88,0
2007,260,32.38,26.71,38.42,0
2007,261,32.66,27.4,38.87,0
2007,262,32.94,27.28,38.91,0
2007,263,31.81,27.29,37.9,2.84
2007,264,31.94,25.86,38.6,0.13
2007,265,30.71,25.73,36.98,4.49
2007,266,29.51,23.87,35.14,1.23
2007,267,30.51,25.56,35.99,0.3
2007,268,30.82,25.69,37.87,0
2007,269,29.97,22.83,37.41,0
2007,270,30.34,24.42,36.98,0
2007,271,29.02,23.24,36.21,0
2007,272,28.86,22.58,37.2,0
2007,273,27.98,21.93,36.85,0
2007,274,28.17,21.27,37.33,0
2007,275,29.21,21.46,37.33,0
2007,276,28.36,20.07,36.94,0
2007,277,27.79,20.2,36.65,0
2007,278,27.29,20.15,36.23,0
2007,279,27.14,21,35.59,0
2007,280,27.25,20.95,35.94,0
2007,281,26.94,20.39,36.04,0
2007,282,26.95,19.48,35.72,0
2007,283,26.91,19.57,35.57,0
2007,284,26.5,19.06,35.23,0
2007,285,27.44,20.8,35.74,0
2007,286,27.59,21.18,36.15,0
2007,287,26.57,18.27,35.43,0
2007,288,26.16,19.29,34.53,0
2007,289,26.51,17.81,34.25,0
2007,290,26.14,18.38,33.98,0.23
2007,291,24.96,18.27,32.99,0
2007,292,25.96,19.53,33.43,0
2007,293,25.67,19.07,33.55,0
2007,294,25.62,16.98,34.63,0
2007,295,25,17.93,33.59,0
2007,296,25.73,19.33,33.86,0
2007,297,25.57,18.54,33.77,0
2007,298,25.39,20.12,34.34,0
2007,299,25.88,18.93,34.48,0
2007,300,25.68,19.82,35.08,0
2007,301,25.15,16.84,34.69,0
2007,302,25.45,19.65,34.56,0
2007,303,24.54,17.63,34.31,0
2007,304,24.21,18.01,33.96,0
2007,305,24.26,17.53,34.11,0
2007,306,25.35,18.44,33.92,0
2007,307,24.62,16.92,32.83,0
2007,308,23.17,14.92,32.13,0
2007,309,23.34,17.6,32.73,0
2007,310,24.08,18.03,33.35,0
2007,311,22.3,13.92,31.71,0
2007,312,22.95,16.38,32.09,0
2007,313,21.26,14.47,29.52,0
2007,314,22.24,16.06,30.45,0
2007,315,21.64,16.38,29.35,0
2007,316,20.65,15.39,27.73,0
2007,317,20.77,16.4,27.94,0
2007,318,20.71,15.95,27.97,0
2007,319,20.36,14.99,28.67,0
2007,320,20.23,14.34,29.38,0
2007,321,19.99,12.49,29.14,0
2007,322,20.4,13.86,28.14,0
2007,323,18.63,11.88,27.03,0
2007,324,18.42,13.19,27.19,0
2007,325,20.11,11.33,29.7,0
2007,326,19.97,13.43,29.14,0
2007,327,20.36,13.1,28.56,0
2007,328,20.48,15.01,28.53,0
2007,329,19.33,14.32,27.65,0
2007,330,19.12,13.45,26.96,0
2007,331,18.65,13.28,26.6,0
2007,332,18.64,13.01,26.11,0
2007,333,18.76,11.59,26.83,0.23
2007,334,16.42,12.4,23.54,8.55
2007,335,16.55,12.51,23.15,0.01
2007,336,16.28,12.12,23.73,0
2007,337,14.81,8.74,23.1,0
2007,338,15.34,9.22,23.08,0
2007,339,15.49,9.5,23.14,0
2007,340,14.98,10.05,22.01,0
2007,341,15.79,8.6,22.65,0
2007,342,15.01,9.42,22.58,0
2007,343,13.31,9.26,18.5,0
2007,344,12.04,9.01,17.34,2.79
2007,345,12.24,8.26,17.89,0.02
2007,346,12.82,7.86,19.96,0
2007,347,13.28,8.72,19.95,0
2007,348,12.35,7.17,20,0
2007,349,11.36,4.45,21.04,0
2007,350,12.02,5.86,20.91,0
2007,351,11.59,5.15,21.41,0
2007,352,11.72,6.85,17.81,0
2007,353,12.56,6.27,20.87,0
2007,354,12.44,6.73,21.48,0
2007,355,13.41,7.24,22.61,0
2007,356,14.88,7.41,26.64,0
2007,357,15.8,8.98,24.68,0
2007,358,17.15,11.87,24.67,0
2007,359,15.61,9.91,24,0
2007,360,14.03,7.25,23.61,0
2007,361,12.75,5.75,22.8,0
2007,362,11.66,4.25,21.4,0
2007,363,12.43,5.84,21.59,0
2007,364,11.2,4.42,21.62,0
2007,365,11.08,3.02,22.1,0
2008,1,10.81,3.35,21.97,0
2008,2,10.9,5.17,20.95,0
2008,3,10.15,3.67,19.41,0
2008,4,12,5.66,20.86,0
2008,5,13,7.42,21.03,0.25
2008,6,14.64,9.95,22.56,0.1
2008,7,15.6,9.85,24.02,0
2008,8,13.58,11.36,16.46,5.96
2008,9,14.23,9.9,19.32,7.34
2008,10,13.15,7.32,19.75,0.78
2008,11,9.8,3.53,18.09,0.09
2008,12,9.74,4.79,17.49,0
2008,13,11.37,4.46,20.98,0
2008,14,12.72,7.02,22.32,0
2008,15,14.93,8.48,23.87,0
2008,16,14.71,11.5,18.34,0.07
2008,17,13.06,11.05,15.56,6.59
2008,18,12.73,7.66,20.06,1.69
2008,19,11.74,5.27,19.56,0
2008,20,11.04,5.18,19.11,0
2008,21,9.21,3.07,17.92,0
2008,22,8.7,2.36,18.09,0
2008,23,7.59,0.96,17.17,0
2008,24,8.48,3.26,16.02,0
2008,25,8.69,3.87,15.36,0
2008,26,7.47,0.89,16.61,0
2008,27,7.83,-1.17,16.77,0
2008,28,9.27,4.72,16.32,0
2008,29,10.92,4.39,19.09,0
2008,30,11.5,5.37,19.49,0
2008,31,10.59,4.36,19.82,0
2008,32,11.03,4,19.92,0
2008,33,10.05,4.57,17.87,4.24
2008,34,8.43,4.6,15.02,0.3
2008,35,10.02,3.44,17.83,0
2008,36,10.74,5.52,17.9,0
2008,37,11.62,4.08,18.66,0.67
2008,38,11.79,6.78,17.72,0.65
2008,39,9.03,3.13,16.18,0.02
2008,40,9.71,2.38,18.86,0
2008,41,10.59,2.46,21.58,0
2008,42,11.05,2.7,21,0
2008,43,10.63,1.72,21.52,0
2008,44,11.08,1.4,22.83,0
2008,45,14.45,6.3,24.85,0
2008,46,15.04,7.57,25.62,0
2008,47,15.86,7.7,25.68,0
2008,48,17.74,12.1,27.47,0
2008,49,16.78,8.64,27.96,0
2008,50,17.15,6.27,28.87,0
2008,51,18.67,8.91,28.82,0
2008,52,18.43,10.04,28.57,0
2008,53,19.47,13.15,29.09,0
2008,54,18.4,11.47,27.63,0
2008,55,17.91,9.86,26.64,0
2008,56,17.79,11.75,26.86,0
2008,57,17.11,7.68,28.89,0
2008,58,19.55,8.76,31.55,0
2008,59,21.51,12.95,32.36,0
2008,60,23.92,15.41,33.56,0
2008,61,23.51,13.44,33.59,0
2008,62,22.85,13.23,32.38,0
2008,63,22.65,13.94,31.31,0
2008,64,22.79,15.07,32.28,0
2008,65,23.14,14.75,33.84,0
2008,66,24.09,16.09,34.41,0
2008,67,22.78,14.41,33.42,0
2008,68,22.3,13.84,31.84,0
2008,69,23.63,15.43,32.25,0
2008,70,24.24,17.27,32.27,0
2008,71,23.23,14.87,32.79,0
2008,72,23.42,14.59,33.17,0
2008,73,23.65,14.25,32.8,0
2008,74,25.11,17.6,33.74,0
2008,75,24.73,16.14,34.36,0
2008,76,26.11,18.02,36.9,0
2008,77,27.3,18.81,37.3,0
2008,78,26.44,17.03,37.38,0
2008,79,25.85,18.13,35.74,0
2008,80,26.37,18.36,35.17,0
2008,81,25.79,17.08,35,0
2008,82,26.23,18.99,35.33,0
2008,83,26.95,18.75,35.91,0
2008,84,28.04,19.29,36.68,0
2008,85,28,19.97,37.06,0
2008,86,28.23,21.05,37.38,0
2008,87,27.21,18.8,36.33,0
2008,88,28.1,19.69,36.51,0
2008,89,29.97,23.51,37.37,0
2008,90,28.43,20.6,37.59,0
2008,91,26.64,17.99,35.96,0.4
2008,92,27.52,18.84,36.5,0.03
2008,93,26.69,18,34.72,0.26
2008,94,22.75,18.46,27.27,1.89
2008,95,23.77,16.17,31.07,0.82
2008,96,19.11,16.21,21.06,31.14
2008,97,21.16,13.3,29.13,0.02
2008,98,22.64,14.58,30.59,0
2008,99,25.58,17.66,34.14,0
2008,100,24.92,18.25,33.38,0
2008,101,26.23,19.14,33.98,0.04
2008,102,26.88,18.95,34.55,0.06
2008,103,27.8,19.85,36.01,0.26
2008,104,27.77,19.36,36.84,0
2008,105,27.4,19.14,36.48,0.55
2008,106,26.62,18.79,35.55,2.38
2008,107,23.7,17.04,31.4,8.18
2008,108,24.45,15.63,33.75,1.81
2008,109,26.13,16.61,35.84,0
2008,110,27.2,19.05,36.67,0
2008,111,28.5,19.45,38.34,0
2008,112,29.3,19.97,39.16,0
2008,113,29.87,21.09,39.08,0
2008,114,30.33,21.55,39.56,0
2008,115,30.73,21.77,39.84,0
2008,116,31.43,22.56,40.67,0
2008,117,31.52,22.84,40.63,0.1
2008,118,31.27,22.58,40.29,0
2008,119,32.61,23.76,41.41,0
2008,120,33.17,24.72,42.46,0
2008,121,33.47,23.4,43.53,0
2008,122,33.77,24.43,43.11,0
2008,123,35.1,27.44,43.48,0
2008,124,36.46,26.3,44.88,0
2008,125,36.07,26.49,45.36,0
2008,126,34.85,26.98,43.2,0.4
2008,127,33.62,25.6,41.19,0.01
2008,128,33.78,25.47,41.49,0
2008,129,33.89,25.17,41.78,0
2008,130,32.11,25.18,38.96,0.08
2008,131,32.45,26.01,38.23,0.01
2008,132,34.19,27.11,40.69,0.02
2008,133,35.26,28.4,42.21,0
2008,134,34.46,25.72,42.02,0
2008,135,35.51,28.59,42.26,0.01
2008,136,36.23,27.11,43.19,0.19
2008,137,37,30.02,44.06,0
2008,138,37.53,28.75,45.08,0
2008,139,37.19,27.59,44.74,0
2008,140,35.64,29.03,42.37,1.1
2008,141,33.58,25.82,40.89,4.03
2008,142,33.26,25.94,40.39,3.11
2008,143,31.83,25.6,37.51,4.41
2008,144,31.77,27.05,36.4,5.79
2008,145,31.55,26.63,36.07,4.63
2008,146,31.85,26.26,37.05,0.83
2008,147,31.46,24.83,38.61,1.36
2008,148,31.69,23.78,39.01,0.91
2008,149,33.12,25.71,39.82,0.43
2008,150,34.58,26.71,41.27,0
2008,151,34.94,25.73,42.05,0
2008,152,37.7,30.08,44.16,0.71
2008,153,37.02,31.07,42.95,2.59
2008,154,32.8,27.91,38.27,3.58
2008,155,34.52,26.96,40.88,0
2008,156,36.59,29.72,42.07,0.18
2008,157,37.94,30.07,44.27,0.68
2008,158,36.05,29.38,42.16,4.63
2008,159,37.74,30.08,43.78,0.31
2008,160,37.21,31.97,42.51,2.97
2008,161,35.06,31.09,39.42,8.58
2008,162,35.61,29.26,41.16,0.37
2008,163,36.39,30.62,41.67,0.77
2008,164,36.85,31.35,41.93,1.17
2008,165,36.45,31.57,40.59,3.59
2008,166,34.85,30.09,39.19,11.81
2008,167,33.4,28.92,39.45,15.69
2008,168,33.58,27.97,38.52,3.8
2008,169,35.14,29.6,40.68,0.05
2008,170,35.79,29.74,41.59,1.52
2008,171,34.74,30.36,39.36,7.88
2008,172,33.94,28.31,38.46,11.25
2008,173,33.53,29.46,37.59,11.86
2008,174,34.87,28.61,40.54,0.59
2008,175,35,29.71,39.25,4.89
2008,176,36.77,31,42.13,0.91
2008,177,36.74,30.45,42.74,0.1
2008,178,36.68,30.7,42.2,3.73
2008,179,37.67,32.24,43.25,2.36
2008,180,34.14,28.22,39.74,8.98
2008,181,29.68,27.22,33.27,14.12
2008,182,32.71,25.9,39.3,0
2008,183,34.4,27.73,39.98,0
2008,184,36.38,29.13,42.09,0
2008,185,37.47,31.15,43.4,0.1
2008,186,36.53,30.52,42.72,2.64
2008,187,36.01,30.35,42.25,4.19
2008,188,34.04,29.7,39.06,6.99
2008,189,32.64,28.51,37.27,5.76
2008,190,32.87,28.41,37.77,1.88
2008,191,32.43,27.51,37.54,8.4
2008,192,32.06,27.87,35.84,1.06
2008,193,32.71,29.02,37.8,24.21
2008,194,31.42,28.29,34.75,61.31
2008,195,30.73,27.36,34.43,19.93
2008,196,31.23,26.24,35.52,0.54
2008,197,32.77,27.86,37.5,1.55
2008,198,33.6,27.54,38.93,2.52
2008,199,34.49,28.68,39.81,5.59
2008,200,34.59,28.79,40.1,0.97
2008,201,33.8,29.27,38.28,0.78
2008,202,32.99,28.34,38.34,2.25
2008,203,32.13,28.02,36.49,5.72
2008,204,33.1,27.7,38.7,0.33
2008,205,33.9,27.59,39.65,0
2008,206,35.05,29.63,40.82,0
2008,207,35.4,28.64,41.07,0.01
2008,208,34.83,29.16,39.85,0.49
2008,209,33.58,28.67,38.55,2.03
2008,210,33.15,28.1,38.46,0.54
2008,211,33.93,27.63,39.68,0.14
2008,212,34.58,29.22,39.48,3.24
2008,213,30.86,26.11,36.32,30.94
2008,214,29.9,25.73,34.68,4.43
2008,215,30.89,25.91,34.98,7.66
2008,216,31.67,28.09,34.88,7.23
2008,217,30.62,27.34,33.8,27.53
2008,218,28.61,26.41,31.11,29.35
2008,219,29.9,25.44,34.15,10.24
2008,220,30.47,26.39,34.12,15.45
2008,221,30.7,26.67,35.65,6.68
2008,222,30.06,26.22,34.13,0.78
2008,223,31.05,27.12,35.45,0.97
2008,224,30.19,26.04,34.51,6.6
2008,225,28.63,25.76,31.55,64.59
2008,226,27.83,24.9,30.96,42.26
2008,227,27.79,24.72,31.59,14.86
2008,228,28.47,24.7,32.55,18.04
2008,229,29.56,25.32,33.79,5.99
2008,230,29.5,25.02,33.13,1.1
2008,231,30.42,25.94,34.41,0
2008,232,30.29,25.39,35.33,0
2008,233,30.6,25.18,35.31,0
2008,234,30.21,25.66,35.07,0.24
2008,235,29.59,24.79,34.49,0.15
2008,236,29.68,25.82,34.07,0.01
2008,237,30.2,25.49,34.75,0
2008,238,31.16,25.87,36.43,0
2008,239,30.95,25.02,37.02,0
2008,240,31,24.58,37.31,0
2008,241,31.05,25.5,37.1,0
2008,242,30.93,25.2,37.08,0
2008,243,30.59,26.05,36.17,4.32
2008,244,27.39,24.38,31.32,6.09
2008,245,28.37,22.77,33.63,0.02
2008,246,29.87,24.39,35.49,0
2008,247,30.33,24.77,36.2,0
2008,248,30.35,24.6,36.81,0
2008,249,29.42,24.02,36.21,0.52
2008,250,27.46,23.5,32.02,12.2
2008,251,25.91,21.77,30.12,5.64
2008,252,26.68,20.97,32.16,13.32
2008,253,27.93,22.2,33.48,0
2008,254,28.69,22.67,35.19,0
2008,255,29.27,22.93,35.44,0
2008,256,29.26,22.79,35.92,0
2008,257,29.24,22.72,36.24,0.01
2008,258,29.22,23.11,35.97,0.02
2008,259,29.39,23.48,35.86,0
2008,260,29.64,24.37,35.35,3.5
2008,261,29.51,24.5,34.98,0.77
2008,262,28.51,24.4,32.33,6.54
2008,263,27.75,23.63,33.26,2.26
2008,264,27.34,21.22,34.02,0.87
2008,265,27.78,22.11,34.04,0
2008,266,27.72,22.35,34.12,0.02
2008,267,27.45,23.11,32.71,3.35
2008,268,27.62,22.29,33.91,0
2008,269,28.03,21.4,34.38,0
2008,270,28.9,23.04,36.92,0
2008,271,28.13,21.74,36.02,0
2008,272,29.32,21.92,37.07,0
2008,273,29.88,23.82,36.66,0
2008,274,29.01,22.98,36.67,0
2008,275,29.54,22.44,37.13,0
2008,276,29.19,22.59,36.39,0
2008,277,29.64,23.4,36.64,0
2008,278,29.99,23.88,36.99,0
2008,279,30.03,24.03,37,0
2008,280,28.74,23.15,35.78,0.72
2008,281,27.88,22.24,34.76,0.2
2008,282,28.08,22.68,34.57,0.05
2008,283,27.53,21.57,34.31,0
2008,284,28.33,21.77,35.4,0
2008,285,28.08,22.37,35.55,0
2008,286,27.17,20.92,36.28,0
2008,287,27.47,19.74,36.53,0
2008,288,26.66,20.1,34.83,0
2008,289,25.58,20.89,31.73,3.67
2008,290,24.68,19.54,31.2,8.09
2008,291,24.8,17.83,32.07,0.05
2008,292,24.99,19.5,32.49,0
2008,293,24.57,17.97,32.18,0
2008,294,24.77,18.96,31.94,0
2008,295,24.86,17.68,32.81,0
2008,296,25.31,18.4,33.18,0
2008,297,24.93,17.34,33.02,0
2008,298,24.33,17.52,31.81,0
2008,299,23.73,16.2,31.18,0
2008,300,23.87,16.37,32.07,0
2008,301,23.43,17.04,31.66,0
2008,302,23.27,17.97,32.42,0
2008,303,22.3,15.38,31.48,0
2008,304,22.71,16.42,30.8,0
2008,305,23.06,15.68,32.56,0
2008,306,24.57,15.29,33.38,0
2008,307,25.38,18.88,34.28,0
2008,308,23.87,16.51,32.88,0
2008,309,23.94,16.23,33.66,0
2008,310,23.71,16.65,32.5,0
2008,311,22.36,15.47,31.42,0
2008,312,22.55,14.74,30.74,0
2008,313,21.96,14.34,30.95,0
2008,314,21.89,14.34,31.16,0
2008,315,22.71,15.52,30.51,0
2008,316,22.6,16.48,31.35,0
2008,317,20.49,14.65,28.63,0
2008,318,19.6,13.49,28.49,0
2008,319,18.9,12.58,26.73,0.01
2008,320,19.36,14.11,26.91,0
2008,321,19.24,13.52,27.24,0
2008,322,19.38,13.57,28.1,0
2008,323,19.63,12.51,28.75,0
2008,324,19.69,12.68,28.05,0
2008,325,17.93,11.87,25.53,0.14
2008,326,16.01,9.74,24.62,0
2008,327,15.66,7.65,25.94,0
2008,328,17.26,9,26.93,0
2008,329,18.56,10.1,28.66,0
2008,330,20.31,15.8,27.9,0
2008,331,18.09,10.23,26.27,0
2008,332,18.67,13.37,25.9,0
2008,333,17.6,11.47,27.02,0
2008,334,17.37,9.92,29.17,0
2008,335,19,10.65,28.89,0
2008,336,19.23,13.32,28.11,0
2008,337,17.67,12.81,26.69,0
2008,338,17.31,11.5,26.69,0
2008,339,18.48,11.02,27.83,0
2008,340,18.91,13.27,27.75,0
2008,341,17.73,12.05,27.93,0
2008,342,18.52,11.19,28.37,0.22
2008,343,20.04,13.13,28.04,2.27
2008,344,17.4,13.87,23.69,0.18
2008,345,17.04,12.2,25.54,1.41
2008,346,15.71,9.05,25.37,0
2008,347,15.24,7.7,25.28,0
2008,348,16.04,11.06,23.79,0
2008,349,14.4,8.27,23.38,0
2008,350,14.46,8.59,22.72,0
2008,351,15.19,11.8,20.99,0.14
2008,352,16.42,11.22,23.56,0.23
2008,353,18.07,11.7,26.52,0.01
2008,354,16.63,14.24,21.25,2.14
2008,355,16.77,14.33,20.76,3.18
2008,356,15.48,9.85,23.09,0
2008,357,13.58,6.35,23.59,0
2008,358,13.53,6.59,24.29,0
2008,359,14.75,7.23,23.92,0.67
2008,360,15.45,9.44,23.27,0
2008,361,14.88,8.83,22.77,0
2008,362,14.52,8.19,21.98,0
2008,363,13.99,9.62,20.83,0
2008,364,12.92,7.43,20.31,0
2008,365,13.19,7.06,23.02,0
2008,366,13.57,7.13,23.66,0
2009,1,12.53,5.23,23.01,0
2009,2,14.26,8.76,22.3,0
2009,3,13.17,7.85,21.24,0.32
2009,4,12.73,8.61,19.21,5.26
2009,5,11.98,6.18,19.66,0.03
2009,6,13.2,8.25,19.78,0
2009,7,13.22,8.51,19.99,0
2009,8,12.75,6.38,20.55,0.01
2009,9,14.44,8.56,21.8,0
2009,10,13.03,7.6,21.19,0
2009,11,12.11,5.04,21.81,0
2009,12,13.79,7.52,21.61,0
2009,13,14.43,8.59,22.52,0
2009,14,14.07,7.03,24.04,0
2009,15,15.76,8.04,25.21,0
2009,16,14.3,10.9,22.73,6.89
2009,17,13.65,11.87,17.54,0.47
2009,18,13.8,11.49,18.01,8.35
2009,19,13.24,7.47,21.11,0
2009,20,12.05,4.79,22.85,0
2009,21,12.38,4.89,23.37,0
2009,22,14.49,8.24,21.81,0
2009,23,13.69,6.44,24.2,0
2009,24,16.98,9.4,28.14,0
2009,25,17.04,11.16,24.48,0.5
2009,26,16.48,10.85,24.16,0.42
2009,27,15.56,10.73,23,1.95
2009,28,13.85,6.59,22.88,0
2009,29,15.38,9.05,22.87,0
2009,30,15.08,10.16,23.36,0
2009,31,14.36,6.84,24.33,0.04
2009,32,15.13,6.88,24.56,0
2009,33,16.01,8.47,24.42,0
2009,34,16.56,9.62,24.95,0
2009,35,17.2,9.42,26.64,0
2009,36,16.1,9.17,25.04,0.57
2009,37,16.36,11.4,24.83,0.47
2009,38,14.05,5.88,24.2,0
2009,39,15.05,5.37,24.93,0
2009,40,15.55,10.52,21.63,0.39
2009,41,11.45,9.1,14.74,13.08
2009,42,14.48,8.33,21.82,0.06
2009,43,15.65,10.09,22.81,0
2009,44,17.63,10.21,26.44,10.49
2009,45,15.57,9.82,23.72,0.24
2009,46,14.72,7.93,23.3,0
2009,47,14.93,6.21,23.95,0
2009,48,16.7,8.03,26.14,0
2009,49,16.81,10.08,26.6,0
2009,50,16.6,8.63,26.57,0.02
2009,51,17.72,10.06,27.54,0.05
2009,52,18.34,10.53,28.01,0
2009,53,18.96,11.37,27.55,0
2009,54,19.89,11.57,28.67,0
2009,55,20.36,13.64,27.73,0
2009,56,19.47,13.06,28.17,0
2009,57,18.71,10.87,28.23,0
2009,58,18.31,10.51,27.91,0
2009,59,17.78,9.53,28.55,0
2009,60,19.94,11.65,30.52,0
2009,61,22.94,15.36,32.53,0.34
2009,62,23.11,15.64,33.11,0
2009,63,22.64,16.77,32.06,0
2009,64,22.22,14.91,31.19,0
2009,65,21.44,13.65,31.3,0
2009,66,20.47,12.47,30.43,0
2009,67,20.26,14.14,28.48,0
2009,68,20.57,12.24,30.12,0
2009,69,20.75,13.57,30.46,0
2009,70,19.88,9.96,31.42,0
2009,71,22.39,11.62,33.67,0
2009,72,24.64,16.32,34.48,0
2009,73,22.66,13.6,32.94,0
2009,74,24.56,15.39,33.69,0
2009,75,23.55,16.12,32.79,0
2009,76,23.79,14.66,34.04,0
2009,77,24.28,17.17,33.68,0
2009,78,25.04,17.81,33.57,0
2009,79,24.2,17.37,33.68,12.52
2009,80,22.18,15.14,31.07,0.03
2009,81,22.71,13.84,31.02,0
2009,82,24.23,17.21,32.34,0
2009,83,22.76,16.84,31.79,5.67
2009,84,20.77,14.64,28.16,10.55
2009,85,21.83,14.31,29.98,1.43
2009,86,21.31,15.89,27.85,2.81
2009,87,20.79,12.96,28.5,0.59
2009,88,21.77,16.29,28.72,2
2009,89,23.14,15.57,31.49,0
2009,90,24.15,15.86,33.98,0
2009,91,26.03,18.53,34.4,0.01
2009,92,27.31,19.12,34.79,4.83
2009,93,25.41,17.87,33.82,1.13
2009,94,25.47,17.65,34.59,0
2009,95,23.64,18.49,29.94,0.38
2009,96,22.45,16.26,31.13,4.46
2009,97,23.4,15.59,31.22,0
2009,98,21.12,14.86,29.45,3.44
2009,99,20.4,14.38,27.72,0.1
2009,100,22.47,13.02,31.61,0.01
2009,101,25.04,15.72,34.88,0
2009,102,28.08,19.61,37.45,0
2009,103,28.51,19.99,37.76,0
2009,104,29.66,21.14,39.05,0
2009,105,27.91,19.46,37.16,0.08
2009,106,26.57,18.81,35.24,0.3
2009,107,26.62,16.77,36.79,0
2009,108,28.71,18.47,39.32,0
2009,109,30.51,19.83,41.51,0
2009,110,31.21,21.66,39.87,0.12
2009,111,29.52,21.82,38,0
2009,112,27.85,18.4,36.8,0
2009,113,28.7,19.92,37.78,0
2009,114,28,17.92,37.94,0
2009,115,29.38,20.05,39.02,0
2009,116,31.08,20.93,39.43,0
2009,117,31.74,22.23,41.64,0
2009,118,33.84,25.31,43.26,0
2009,119,34.8,25.81,44.48,0
2009,120,34.34,25.79,43.14,0
2009,121,34.97,26.4,43.87,0
2009,122,35.38,25.67,44.83,0
2009,123,33.89,27.91,41.41,2.16
2009,124,30.37,23.82,38.09,2.59
2009,125,27.88,22.38,35.13,0.56
2009,126,29.6,21.26,37.82,0
2009,127,30.87,22.56,38.8,0
2009,128,32.68,24.73,40.19,0
2009,129,33.48,25.44,41.05,0.08
2009,130,32.17,24.55,40.22,0.59
2009,131,31.63,22.36,40.23,0
2009,132,32.24,23.61,39.88,0
2009,133,36.1,27.32,44.07,0
2009,134,36.51,26.74,44.58,0
2009,135,36.63,27.54,44.8,0
2009,136,36.92,28.39,44.9,0
2009,137,37.58,28.22,45.8,0
2009,138,38.9,29.34,46.84,0
2009,139,38.82,29.99,47.1,0
2009,140,37.61,30.3,45.03,0.1
2009,141,37.37,28.51,45.18,0
2009,142,35.34,26,42.25,18.68
2009,143,35.77,28.07,42.65,0
2009,144,34.92,27.2,41.4,0.15
2009,145,34.08,27.15,41.15,0.12
2009,146,34.69,26.88,42.14,0
2009,147,35.78,27.04,44.09,0
2009,148,37.35,28.47,44.94,0
2009,149,37.09,26.85,44.73,0
2009,150,36.22,27.61,42.93,0
2009,151,35.28,26.21,42.54,0.82
2009,152,34.51,28.79,39.98,5.63
2009,153,36.33,29.54,42.64,0
2009,154,37.62,30.87,45.29,0.34
2009,155,37.37,28.1,45.73,0
2009,156,38.13,30.15,45.81,0.03
2009,157,35.67,28.82,43.36,0.55
2009,158,34.29,25.82,42.07,0.02
2009,159,34.79,25.93,42.39,0
2009,160,35.94,26.8,43.7,0
2009,161,37.86,28.8,44.85,0
2009,162,38.03,30.71,44.55,0
2009,163,37.63,29.22,44.53,0
2009,164,37.22,29.73,43.56,0.33
2009,165,37.65,30.69,44.24,0.78
2009,166,33.15,26.85,38.47,2.56
2009,167,31.92,25.3,37.89,0.67
2009,168,32.33,25.08,39.23,0
2009,169,34.51,25.85,41.74,0
2009,170,36.07,29.1,42.96,0
2009,171,36.72,27.85,44.24,0
2009,172,37.75,28.67,45.38,0
2009,173,38.45,31.28,45.91,0
2009,174,38.72,30.11,46.68,0
2009,175,39.4,30.71,47.23,0
2009,176,39.64,31.67,47.26,0
2009,177,39.18,32.38,46.34,0
2009,178,40.44,31.86,47.94,0
2009,179,41.21,32.87,48.71,0
2009,180,41.23,33.36,48.17,0.24
2009,181,39.76,32.44,46.04,2.01
2009,182,36.16,32.08,39.51,8.98
2009,183,35.55,29.88,41.31,1.33
2009,184,34.23,29.54,39.46,0.42
2009,185,35.27,28.57,41.6,0
2009,186,36.27,29.01,43.37,0
2009,187,38.01,30.5,45.12,0
2009,188,39.74,31.25,47.06,0
2009,189,39.03,31.3,45.97,0.22
2009,190,37.58,31.24,44.28,5.45
2009,191,36.53,30.53,42.05,2.08
2009,192,37.45,31.54,42.88,0
2009,193,38.31,31.76,43.94,0.24
2009,194,38.91,33.31,44.58,2.75
2009,195,36.46,32.06,41.22,1.73
2009,196,37.2,31.03,43.48,0.69
2009,197,38.08,31.5,44.18,0.15
2009,198,38.98,32.56,44.54,1.64
2009,199,38.04,33.28,42.79,1.41
2009,200,38.73,33.23,43.61,0.01
2009,201,39.49,34.63,44.23,2.88
2009,202,36.1,31.25,39.98,23.86
2009,203,34.13,29.68,38.16,15.88
2009,204,33.98,30.29,38.34,7.01
2009,205,32.81,28.97,36.77,6.59
2009,206,35.29,28.9,40.78,0.01
2009,207,36.57,30.79,41.56,0.77
2009,208,36.55,31.24,41.84,5.65
2009,209,33.7,29.56,38.2,11.27
2009,210,33.71,27.85,39.44,3.4
2009,211,33.92,29.06,38.84,2.67
2009,212,34,28.96,38.84,2.95
2009,213,35.8,30.26,41.21,0
2009,214,36.73,30.6,42.68,0.02
2009,215,36.34,31.28,40.83,8.06
2009,216,36.76,30.7,42.6,0.02
2009,217,36.55,30.78,42.27,1.16
2009,218,37.18,30.47,43.25,1.13
2009,219,35.99,30.7,41.59,1.57
2009,220,35.89,30.86,40.83,0
2009,221,36.27,30.84,41.79,0.45
2009,222,36.91,31.46,42.92,0.38
2009,223,36.54,31.2,42.1,0
2009,224,36.97,30.89,42.26,0
2009,225,37.78,31.37,43.98,0.06
2009,226,36.86,30.6,42.88,0.26
2009,227,35.55,30.44,40.96,1.12
2009,228,31.99,28.33,35.88,1.91
2009,229,32.98,27.78,38.17,3.06
2009,230,33.02,29.27,36.95,15.91
2009,231,31.19,27.11,35.33,7.54
2009,232,32.49,26.34,38.39,0.9
2009,233,31.72,27.42,35.44,7.8
2009,234,32.14,27.23,37.07,0.78
2009,235,33.52,28.72,38.17,2.29
2009,236,34.04,27.59,39.86,0.03
2009,237,33.89,28.21,39.28,1.95
2009,238,32.86,27.16,38.5,0.65
2009,239,33.16,27.06,39.05,0.04
2009,240,33.93,27.88,39.27,0
2009,241,34.15,28.87,39.7,0
2009,242,31.87,27.9,37.12,15.45
2009,243,28.38,26.55,30.81,18.64
2009,244,30.05,25.4,35.42,5.61
2009,245,31.28,26.29,36.31,5.63
2009,246,29.78,26.37,33.52,17.28
2009,247,29.95,24.21,35.58,0.67
2009,248,30.11,24.7,36.09,2.24
2009,249,30.56,24.31,37.11,0.47
2009,250,30.92,24.2,37.45,0
2009,251,31.23,23.2,38.31,0
2009,252,28.98,21.76,36.87,0.67
2009,253,30.02,23.7,37.51,0.54
2009,254,28.43,23.7,34.18,1.01
2009,255,29.81,22.76,36.23,0.01
2009,256,31.42,24.44,37.81,0
2009,257,31.56,25.4,39,0
2009,258,30.54,23.58,37.91,0
2009,259,30.6,23.48,38.01,0
2009,260,30.54,23.37,38.03,0
2009,261,31.82,24.28,39.27,0
2009,262,33.21,24.7,40.3,0
2009,263,31.88,24.4,39.41,0
2009,264,32.09,25.02,39.26,0
2009,265,32.77,26.34,38.96,0
2009,266,33.74,27,40.58,0
2009,267,33.59,27.08,40.25,0
2009,268,32.9,26.15,40.87,0
2009,269,31.51,24.32,39.32,0
2009,270,31.87,24.58,39.58,0
2009,271,32.23,25.7,40.02,0
2009,272,32.99,25.91,40.73,0
2009,273,32.2,25.08,40.24,0
2009,274,31.07,23.39,39.2,0
2009,275,31.74,24.98,38.18,0
2009,276,32.16,26.56,38.13,0.6
2009,277,30.34,25.95,35.8,1.01
2009,278,29.47,23.34,35.32,0.01
2009,279,29.48,23.88,36.55,0
2009,280,28.68,22.17,36.14,0
2009,281,29.72,23.48,37.18,0
2009,282,27.93,19.53,35.78,0
2009,283,28.23,21.69,35.63,0
2009,284,28.68,21.61,36.43,0
2009,285,28.38,21.2,35.73,0
2009,286,28.44,21.33,35.84,0
2009,287,27.52,20.2,34.98,0
2009,288,27.09,19.66,35.26,0
2009,289,27.23,20.92,35.16,0
2009,290,26.42,19.32,34.75,0
2009,291,25.89,19.7,33.16,0
2009,292,26.34,19.03,33.76,0
2009,293,26.64,19.43,34.17,0
2009,294,24.93,17.16,33.19,0
2009,295,24.44,17.74,33.67,0
2009,296,22.81,14.56,33.17,0
2009,297,23.84,16.78,33.02,0
2009,298,24,16.16,32.23,0
2009,299,23.73,16.54,32.42,0
2009,300,23.51,16.03,32.51,0
2009,301,23.08,16.85,32.08,0
2009,302,23.7,17.12,33.27,0
2009,303,23.21,15,33.5,0
2009,304,24.87,16.73,34.46,0
2009,305,23.88,15.3,32.69,0
2009,306,24.17,15.89,31.55,0
2009,307,24.67,19.75,31.07,0
2009,308,24.06,17.48,30.81,0
2009,309,24.13,17.68,31.09,0
2009,310,23.45,18.19,29.93,0
2009,311,23.43,16.77,30.83,0
2009,312,22.36,15.57,29.57,0
2009,313,19.57,15.81,26.55,3.62
2009,314,18.29,12.48,26.57,0
2009,315,18.61,9.54,28.08,0
2009,316,20.93,12.43,29.4,0
2009,317,19.66,13.8,27.97,2.33
2009,318,18.64,14.4,24.77,1.15
2009,319,19.92,13.74,27.45,0.03
2009,320,20.27,15.15,26.94,0
2009,321,18.64,12.85,26.46,0
2009,322,17.43,11.86,25.52,0
2009,323,16.2,8.85,26.14,0
2009,324,16.12,7.35,25.59,0
2009,325,17.35,11.88,25.9,0
2009,326,16.28,11.49,23.24,0
2009,327,15.88,10.19,24.88,0
2009,328,16.63,9.12,25.22,0
2009,329,17.4,9.91,25.39,0
2009,330,17.38,11.75,26.86,0
2009,331,16.44,10.67,24.16,0
2009,332,18.47,12.82,25.81,0
2009,333,18.13,12.64,26.82,0
2009,334,19.57,13.33,27.76,0
2009,335,17.99,13.48,25.37,0
2009,336,17.69,11.44,27.76,0
2009,337,19.01,12.91,27.71,0
2009,338,18.71,10.91,26.26,0
2009,339,18.02,10.98,25.76,0
2009,340,16.22,10.14,24.56,0
2009,341,13.31,6.32,23.01,0
2009,342,14.95,8.99,22.96,0
2009,343,15.21,10.01,20.94,0
2009,344,16.02,11.24,23.26,0
2009,345,16.04,10.18,24.67,0
2009,346,15.01,10.7,21.53,0
2009,347,15.39,7.81,24.01,0
2009,348,15.05,11.16,21.77,0
2009,349,15.89,9.45,24.39,0
2009,350,16.04,11.42,24.62,0
2009,351,14.92,8.85,23.8,0
2009,352,14.88,8.46,24.42,0
2009,353,15.43,8.9,24.29,0
2009,354,13.38,10.14,19.32,0
2009,355,13.63,7.26,23.28,0
2009,356,13.8,6.51,23.08,0
2009,357,14.85,8.65,23.1,0
2009,358,13.92,8.57,22.37,0
2009,359,13.66,6.39,23.42,0
2009,360,15.68,10.15,23.06,0
2009,361,13.91,8.06,21.06,0
2009,362,12.49,9.01,20.06,0
2009,363,12.69,5.81,21.24,0
2009,364,13.58,8.95,21.9,0
2009,365,12.58,5.04,21.88,0
2010,1,13.69,6.95,22.83,0
2010,2,14.54,9.15,22.19,0
2010,3,11.5,6.98,19.73,1.58
2010,4,10.64,4.37,19.71,0.21
2010,5,11.64,3.88,21.06,0
2010,6,13.34,6.03,22.07,0
2010,7,12.91,6,21.09,0
2010,8,11.15,5.64,19.35,0
2010,9,12.06,5.97,21.37,0
2010,10,13.52,6.35,23.44,0
2010,11,12.78,5.84,23.76,0
2010,12,12.2,4.76,22.07,0.05
2010,13,12.29,7.03,19.98,0.25
2010,14,11.07,5.11,20.53,0
2010,15,12.52,3.69,22.9,0
2010,16,12.99,5.4,24.11,0
2010,17,15.55,8.5,24.35,0
2010,18,15.36,9.51,23.9,0
2010,19,14.5,7.69,23.73,0
2010,20,13.84,6.67,23.68,0
2010,21,14.38,7.69,24.16,0
2010,22,15.9,11.15,24.92,0.04
2010,23,15.88,9.27,24.01,0
2010,24,16.1,10.21,23.03,0
2010,25,16.18,9.79,24.32,0
2010,26,16.55,9.75,24.73,0
2010,27,17.09,10.93,25.07,0
2010,28,16.39,9.76,24.88,0
2010,29,15.03,9.33,24.07,1.49
2010,30,14.19,7.5,24.04,0.21
2010,31,13.62,5.97,23.09,0
2010,32,14.7,8.87,24.08,0
2010,33,14.72,8.64,23.56,0
2010,34,14.29,8.18,23.88,0
2010,35,15.6,8.53,25.51,0
2010,36,17.07,9.78,25.85,0
2010,37,17.85,12.34,26.23,0
2010,38,18.5,13.75,25.04,0.05
2010,39,15.24,12.94,19.15,9.75
2010,40,12.37,6.63,20.22,2.34
2010,41,11.14,4.15,20.7,0
2010,42,12.27,4.3,20.63,0
2010,43,15.21,9.56,22.86,0
2010,44,15.43,10.15,23.26,0
2010,45,15.65,9.97,23.43,0
2010,46,15.38,9,24.52,0
2010,47,13.67,7.1,22.71,0
2010,48,13.08,4.89,23.11,0
2010,49,14.11,5.35,23.96,0
2010,50,16.26,9.02,26.13,0
2010,51,18.05,9.02,28.31,0
2010,52,19.96,10.31,30.09,0
2010,53,19.68,11.15,28.03,0.61
2010,54,19.89,14.23,27.34,0.19
2010,55,20.4,14.61,28.42,0
2010,56,19.98,13.45,28.59,0.22
2010,57,20.15,12.84,29.76,0.24
2010,58,21.81,14.08,31.23,0
2010,59,23.18,14.97,32.4,0.4
2010,60,22.84,16.06,31.4,0.41
2010,61,22.52,15.09,32.3,0
2010,62,20.74,15.98,30,0.02
2010,63,18.55,13.44,24.94,2.59
2010,64,20.15,12.34,29.74,0
2010,65,20.02,12.67,28.72,0.11
2010,66,18.73,11.73,27.39,0.42
2010,67,20.32,12.17,29.55,0
2010,68,22.11,14.84,31.64,0
2010,69,22.66,14.74,32.44,0.07
2010,70,23.77,15.55,33.11,0
2010,71,24.66,17.61,33.88,0
2010,72,24.84,17.2,34.82,0
2010,73,25.07,16.15,35.21,0
2010,74,25.83,15.47,36.43,0
2010,75,27.98,20.47,37.68,0
2010,76,26.92,19.18,36.79,0
2010,77,27.61,19.52,37.05,0
2010,78,28.01,18.02,38.11,0
2010,79,30.1,21.14,39.53,0
2010,80,30.08,21.01,40.18,0
2010,81,30.23,21.11,40.26,0
2010,82,29.39,19.62,39.98,0
2010,83,30.53,23.86,39.94,0
2010,84,29.22,20.97,37.76,0
2010,85,30.45,21.73,38.99,0
2010,86,29.31,21.36,38.14,0
2010,87,29.34,20.84,38.86,0
2010,88,30.66,21.17,40.55,0
2010,89,29.75,21.62,38.14,0.01
2010,90,29.36,22.25,38.42,0
2010,91,28.94,20.94,37.73,0
2010,92,27.41,19.52,36.24,0
2010,93,28.38,19.88,37.68,0
2010,94,29.66,21.64,38.07,0
2010,95,29.68,21.83,38.44,0
2010,96,28.65,18.92,38.88,0
2010,97,30.47,20.84,40.04,0
2010,98,31.88,22.51,41.93,0
2010,99,31.07,21.09,41.54,0
2010,100,32.86,23.18,41.84,0
2010,101,34.1,25.58,43.09,0
2010,102,30.77,23.9,39.13,0
2010,103,31.63,21.88,41.19,0
2010,104,32.56,21.64,42.83,0
2010,105,34.79,24.92,43.88,0
2010,106,35.62,28.58,44.52,0
2010,107,36.24,27.24,45.27,0
2010,108,35.1,28.29,43.39,0.13
2010,109,34.85,26.38,43.57,0
2010,110,34.41,26.17,42.96,0
2010,111,32.56,25.01,40.95,0.42
2010,112,30.69,22.87,38.07,1.01
2010,113,30.35,21.84,38.71,0
2010,114,30.78,21.7,39.47,0
2010,115,32.93,24.23,41.83,0
2010,116,33.72,24.35,42.48,0
2010,117,33.04,26.27,38.9,0
2010,118,34.34,27.77,42.17,0
2010,119,34.16,25.73,41.93,0
2010,120,32.05,25.82,39.23,0.13
2010,121,32.3,23.8,39.95,0.23
2010,122,34.22,24.8,42.82,0
2010,123,35.91,27.72,43.89,0
2010,124,37.41,29.5,44.74,0
2010,125,33.89,26.98,41.75,1.58
2010,126,31.54,24.64,38.87,0.02
2010,127,32.53,26.08,40.07,2.98
2010,128,32.14,25.45,39.01,0
2010,129,33.27,24.85,40.97,0
2010,130,34.68,27.44,41.88,0.38
2010,131,33.76,27.01,40.69,0.98
2010,132,35.55,27.74,43.06,0
2010,133,34.75,26.37,42.41,0.03
2010,134,34.7,25.49,42.97,0
2010,135,35.24,26.93,43.44,0
2010,136,36.34,26.53,44.44,0
2010,137,36.4,29.83,43.49,0.05
2010,138,33.76,28.17,39.55,0.35
2010,139,33.89,25.12,41.87,0.04
2010,140,35.09,27.94,43.47,0
2010,141,36.47,25.36,45.48,0
2010,142,38.9,28.96,47.22,0
2010,143,38.41,30.23,46.7,0
2010,144,38.6,29.71,47.12,0
2010,145,38.71,28.83,48.03,0
2010,146,39,26.98,49.53,0
2010,147,39.72,31.15,48.43,0
2010,148,37.59,29.55,45.99,0
2010,149,34.33,26.88,42.06,5.39
2010,150,34.46,25.55,42.13,0.06
2010,151,36.67,26.33,44.5,0
2010,152,37.91,28.3,46.54,0
2010,153,38.13,30.13,45.11,0.07
2010,154,37.23,32.19,42.73,2
2010,155,36.19,28.08,43.11,5.82
2010,156,31.98,25.37,39.2,2.06
2010,157,34.07,27.17,40.93,0.04
2010,158,31.28,26.76,35.55,2.37
2010,159,31.54,25.58,37.4,0.8
2010,160,33.77,25.66,40.5,0.02
2010,161,33.96,26.87,40.24,1.93
2010,162,36.4,28.57,42.98,0
2010,163,37.43,30.83,43.85,0
2010,164,37.48,30.18,43.52,0.85
2010,165,36.81,29.03,43.19,0.17
2010,166,34.51,29.82,39.84,0.05
2010,167,35.23,28.31,41.71,0.06
2010,168,36.36,29.42,42.81,0
2010,169,37.42,29.77,44.77,0
2010,170,39,31.06,46.56,0
2010,171,40.87,31.69,47.92,0
2010,172,42.33,34.56,48.84,0
2010,173,40.91,33.16,47.9,0
2010,174,40.42,33.34,46.45,0
2010,175,39.73,34.38,45.24,1.88
2010,176,36.91,32.46,41.49,5.07
2010,177,37.49,30.25,44.05,0
2010,178,39.54,32.6,45.64,0.04
2010,179,39.06,32.19,45.15,3.29
2010,180,38.71,32.82,44.72,0.03
2010,181,37.95,31.74,43.91,0.37
2010,182,38.34,31.85,44.46,0.01
2010,183,36.64,30.85,42.49,1.67
2010,184,38.08,31.88,44.14,0.24
2010,185,37.05,31.15,43.46,2.96
2010,186,33.16,28.66,38.54,2.42
2010,187,32.49,27.9,38.5,0.81
2010,188,33.69,28.41,38.62,0.08
2010,189,35.91,29.74,41.48,0
2010,190,38,31.4,44.39,0
2010,191,39.03,31.99,44.95,1.39
2010,192,37.47,33.17,41.92,17.7
2010,193,35.91,31.26,41.65,9.47
2010,194,32.36,27.94,36.6,15.67
2010,195,34.35,28.92,39.87,0
2010,196,36.52,30.75,42.22,0
2010,197,37.26,30.97,43.47,0
2010,198,36.26,30.31,42.05,1.98
2010,199,36.18,31.2,40.61,5.35
2010,200,36.21,31.31,40.49,14.25
2010,201,30.89,27.75,33.71,54.72
2010,202,29.52,26.04,33.53,43.25
2010,203,29.92,26.46,34.03,13.86
2010,204,31.24,26.41,35.22,0.02
2010,205,32.69,28.8,36.92,0
2010,206,33,28,37.53,0.05
2010,207,31.05,26.59,34.64,10.19
2010,208,28.65,25.99,32.59,8.96
2010,209,28.47,25.32,31.45,3.19
2010,210,31.06,26.33,35.69,3.71
2010,211,32.16,27.52,36.74,1.41
2010,212,32.08,26.89,36.76,18.74
2010,213,29.33,26.45,32.21,11.6
2010,214,30.74,26.58,35.69,1.92
2010,215,31.33,27.37,36.67,0.16
2010,216,29.96,25.07,35.75,0.06
2010,217,30.03,26.51,34.1,6
2010,218,30.14,26.5,34.32,9.87
2010,219,28.91,26.73,31.39,3.61
2010,220,30.91,26.32,35.91,0.8
2010,221,31.69,26.67,36.15,0.07
2010,222,33.02,28.02,37.57,2.03
2010,223,33.41,29.13,37.42,0.43
2010,224,33.44,28.7,38.28,0.95
2010,225,31.57,27.74,35.11,5.29
2010,226,31.23,27.51,35.26,2.04
2010,227,30.8,27.58,34.07,9.85
2010,228,31.24,27.64,34.46,13.23
2010,229,32.19,28.46,36.1,1.29
2010,230,32.2,28.05,36.53,1.49
2010,231,31.78,27.37,37.21,3.05
2010,232,31.6,27.31,36.87,2.22
2010,233,31.49,27.12,36.83,5.51
2010,234,30.56,26.61,34.37,22.13
2010,235,30.61,26.81,34.44,7.18
2010,236,31.23,27.07,36.1,10.81
2010,237,29.34,25.32,33.44,14.41
2010,238,28.54,25.11,32.56,2.6
2010,239,29.2,24.48,34.29,0
2010,240,29.84,24.42,35.36,0
2010,241,29.79,24.12,35.9,0
2010,242,29.98,23.73,35.57,0
2010,243,31.38,26.32,36.73,0
2010,244,31.04,25.92,35.67,0
2010,245,31.87,26.69,36.8,3.6
2010,246,31.64,26.7,36.64,1.69
2010,247,31.6,26.84,36.56,0.21
2010,248,31.23,26.65,35.99,0.09
2010,249,31.16,26.33,36.32,0.09
2010,250,31.57,26.69,36.77,9.73
2010,251,29.92,26.03,34.46,12.97
2010,252,29.91,25.64,34.32,2.63
2010,253,29.61,25.74,33.51,4.85
2010,254,29.97,25.82,34.75,6.27
2010,255,29.57,26.01,34,9.76
2010,256,29.09,25.26,33.69,3.11
2010,257,28.34,24,33.83,0.56
2010,258,28.01,21.94,34.15,0
2010,259,27.51,21.35,34.33,0
2010,260,27.89,21.41,35.2,1.29
2010,261,26.9,21.24,33.69,0.32
2010,262,26.64,20.59,34.09,0.02
2010,263,26.56,20.14,33.3,0.13
2010,264,27.95,23.97,32.04,4.13
2010,265,28.12,24.61,32.39,2.91
2010,266,27.83,24.17,31.54,29.25
2010,267,27.36,23.38,31.88,2.49
2010,268,27.55,22.21,34.27,0
2010,269,27.38,20.77,35.03,0
2010,270,27.67,21.07,35.45,0
2010,271,26.97,19.47,35.34,0
2010,272,26.57,19.35,35.03,0
2010,273,27.68,21.46,35.9,0
2010,274,28.47,21.55,35.6,0
2010,275,28.32,22.21,35.88,0
2010,276,28.2,21.28,35.84,0
2010,277,28.32,21.11,35.74,0
2010,278,28.23,22.09,35.35,0
2010,279,28.45,22.9,35.38,0
2010,280,27.96,21.98,35.05,0
2010,281,28.67,22.54,35.15,0
2010,282,28.39,22.29,35.49,0
2010,283,27.03,20.72,34.25,0
2010,284,26.79,20.95,34.33,0
2010,285,27.04,21.54,34.65,0
2010,286,27.8,21,34.88,0
2010,287,27.08,20.77,35.06,0
2010,288,27.36,20.44,35.44,0
2010,289,27.64,20.6,35.38,0
2010,290,27.19,20.8,34.34,0
2010,291,27.35,21.95,33.71,0
2010,292,27.65,22.48,33.46,0
2010,293,27.74,22.26,33.74,0
2010,294,26.62,21.34,33.31,0
2010,295,25.72,20.66,33.3,3.92
2010,296,22.97,17.69,30.36,0.1
2010,297,22.45,15.16,30.58,0
2010,298,22.98,15.82,31.18,0
2010,299,22.31,15.29,31.01,0
2010,300,22.09,16.01,30.18,0
2010,301,22.47,14.24,30.72,0
2010,302,23.44,16.93,30.24,0
2010,303,22.65,16.33,30.16,0
2010,304,22.28,16.04,30.32,0
2010,305,22.68,14.69,30.46,0
2010,306,23.65,17.84,31.13,0
2010,307,23,15.71,31.22,0
2010,308,22.66,15.36,31.43,0
2010,309,22.1,14.57,30.81,0
2010,310,21.75,16.45,30.97,0
2010,311,23.2,15.02,31.38,0
2010,312,23.4,17.08,30.78,0
2010,313,22.45,16.93,30.42,0
2010,314,21.33,14.61,30.44,0
2010,315,20.74,14.62,29.25,0
2010,316,19.17,12.77,27.9,1.05
2010,317,19.45,12.69,28.61,0
2010,318,19.46,12.53,28.2,0
2010,319,19.97,14.29,29.16,0
2010,320,20.39,15.21,28.59,0
2010,321,20.65,15.59,28.32,0
2010,322,18.91,13.51,27.62,0
2010,323,19.05,13.99,26.31,0
2010,324,18.89,12.36,27.11,0
2010,325,17.69,10.23,25.99,0
2010,326,18.03,12.89,26.44,0
2010,327,16.42,10.97,24.93,0
2010,328,18.15,11.73,25.91,0
2010,329,20.08,15.49,26.71,0
2010,330,18.51,11.12,28.05,0
2010,331,17.96,10.38,27.3,0
2010,332,18.07,12.93,26.06,0
2010,333,17.59,12.63,25.85,0
2010,334,16.94,8.56,26.29,0
2010,335,17.67,11.77,25.4,0
2010,336,15.87,8.85,24.31,0
2010,337,16.11,10.08,24.25,0
2010,338,14.9,8.57,23.17,0
2010,339,14.77,9.69,22.64,0
2010,340,14.36,7.21,22.43,0
2010,341,14.71,9.89,22.39,0
2010,342,13.93,8.63,22.2,0
2010,343,14.06,8.79,22.62,0
2010,344,14.79,8.43,22.47,0
2010,345,15.6,10.31,24.42,0
2010,346,14.07,7.11,21.31,0
2010,347,14.22,7.19,22.78,0
2010,348,14.21,8.63,21.95,0
2010,349,14.37,8.11,21.58,0
2010,350,13.12,6.46,21.2,0
2010,351,12.33,6.45,21.04,0
2010,352,12.12,6.56,20.81,0
2010,353,11.22,4.33,21.7,0
2010,354,11.36,3.95,22.64,0
2010,355,13.19,6.33,21.76,0
2010,356,12.82,5.76,21.08,0
2010,357,11.24,3.98,20.6,0
2010,358,11.98,7.13,20.08,0
2010,359,12.34,7.15,21.13,0
2010,360,12.17,7.08,20.13,0
2010,361,12.08,6.74,19.93,0
2010,362,12.25,5.64,20.34,0
2010,363,13.64,8.32,22.14,0.33
2010,364,12.17,9.65,16.56,14.76
2010,365,11.29,6.93,15.94,0.45
2011,1,10.47,5.82,18.59,0
2011,2,9.63,2.32,18.22,0
2011,3,9.33,3.24,17.04,0
2011,4,8.49,1.5,17.36,0
2011,5,8.38,1,18.52,0
2011,6,10.11,2.18,20.69,0
2011,7,11.12,2.74,20.4,0
2011,8,11.04,6,18.08,0
2011,9,10.6,4.09,20.49,0
2011,10,9.93,2.14,20.36,0
2011,11,11.79,5.14,20.35,0
2011,12,13.69,7.59,21.63,0
2011,13,13.91,9.02,21.71,0
2011,14,11.44,5.79,20.39,0.55
2011,15,10.42,5.16,18.41,0.01
2011,16,9.07,1.65,18.73,0
2011,17,11.4,4.88,19.1,0
2011,18,11.79,6.48,20.46,0
2011,19,11.04,3.27,21.2,0
2011,20,14.07,8.24,21.5,0.02
2011,21,14.52,7.87,22.9,0.02
2011,22,14.65,9.2,22.81,0
2011,23,14.75,7.81,23.2,0
2011,24,13.31,5.57,22.08,0
2011,25,13.65,8.04,21.31,0
2011,26,13.43,6.97,21.21,0
2011,27,12.72,5.8,22.76,0
2011,28,14.07,6.72,23.32,0
2011,29,11.69,8.57,17.33,0
2011,30,13.24,6.39,21.83,0
2011,31,14.13,8.03,22.48,0
2011,32,15.05,7.78,25.24,0
2011,33,16.96,7.55,26.07,0
2011,34,18.99,11.42,27.96,0
2011,35,17.28,11.53,24.62,0
2011,36,17.27,9.47,26.62,0
2011,37,18.52,12.7,26.59,0.09
2011,38,14.63,8.35,19.92,5.28
2011,39,14.02,6.88,22.99,0
2011,40,14.48,6.36,23.94,0
2011,41,14.7,8.66,23.73,0
2011,42,13.24,7.41,21.4,0.01
2011,43,15.08,8.92,23.69,0.1
2011,44,14.31,11.5,17.75,5.49
2011,45,16.17,10.57,23.77,0.64
2011,46,14.4,8.96,22.26,5.18
2011,47,13.43,8.02,20.97,5.43
2011,48,14.29,8.26,21.49,0.07
2011,49,13.78,7.47,22.18,0.12
2011,50,14.97,9.41,22.45,0.1
2011,51,12.55,7.96,18.06,1.29
2011,52,13.94,6.44,23.36,0
2011,53,15.07,9.62,24.56,0
2011,54,13.32,9.4,20.85,0.24
2011,55,14.36,9.46,21.15,0
2011,56,15.02,8.42,23.36,1.35
2011,57,14.28,8.79,20.21,0.91
2011,58,15.05,7.58,23.56,0
2011,59,14.53,8.3,23.46,0.93
2011,60,15.37,10.17,22.97,1.5
2011,61,14.73,9.61,20.22,1.62
2011,62,15.66,12.48,20.61,0.48
2011,63,16.22,8.91,24.96,0.01
2011,64,16.53,8.78,25.57,0
2011,65,17.64,10.97,27,0
2011,66,19.02,12.51,28.52,0
2011,67,19.51,11.81,28.72,0
2011,68,19.7,11.1,27.81,0
2011,69,20.2,12.55,28.42,0
2011,70,20.24,11.65,31,0
2011,71,22.08,13.11,31.65,0
2011,72,23.24,14.44,33.9,0
2011,73,24.79,15.19,34.56,0
2011,74,25.67,14.93,36.09,0
2011,75,25.38,15.96,35.74,0
2011,76,27.87,18.87,37.63,0
2011,77,26.43,17.67,35.25,0
2011,78,25.1,17.85,35.55,0.01
2011,79,23.41,16,33.6,0
2011,80,22.18,13.55,33.3,0
2011,81,23.62,14.3,33.96,0
2011,82,25.39,15.87,35.64,0
2011,83,26.04,16.82,35.14,0
2011,84,27.35,19.37,36.58,0
2011,85,28.88,19.34,37.49,0
2011,86,28.71,19.38,38.43,0
2011,87,27.39,18.34,37.55,0.61
2011,88,25.36,16.51,35.44,0
2011,89,25.09,17.19,33.92,0.27
2011,90,25.58,16.64,34.87,0
2011,91,25.98,18.64,35.03,0.18
2011,92,25.01,16.74,33.8,0.01
2011,93,23.26,14.42,32.52,1.6
2011,94,23.3,13.71,32.5,0
2011,95,24.45,16.39,33.92,0.06
2011,96,23.02,17.73,31.53,0
2011,97,23.62,14.42,33.13,0
2011,98,25.42,15.07,35,0
2011,99,26.79,17.77,35.54,0
2011,100,24.72,19.21,32.47,1.17
2011,101,23.28,17.51,30.25,1
2011,102,25.84,17.71,34.15,0
2011,103,27.26,18.82,35.16,0
2011,104,28.66,20.75,36.78,0
2011,105,29.34,23.05,37.14,3.42
2011,106,26.5,18.93,35.31,5.66
2011,107,24.44,20.08,29.42,10.07
2011,108,24.7,18.75,31.62,2.1
2011,109,25.27,16.99,32.78,0.07
2011,110,26.95,19.08,34.35,0
2011,111,28.53,21.08,35.71,0
2011,112,29.47,21.09,37.31,0
2011,113,30.68,23.21,38.22,0
2011,114,32.15,22.55,40.86,0
2011,115,33.14,24.81,42.38,0
2011,116,33.2,23.8,43.32,0
2011,117,31.57,21.51,41.25,0
2011,118,33.38,23.73,42.65,0
2011,119,33.16,26.79,41,0
2011,120,33.8,25.81,40.99,0
2011,121,34.37,26.12,42.13,0
2011,122,34.56,25,43.05,0
2011,123,35.99,26.67,44.43,0
2011,124,36.37,26.91,44.97,0
2011,125,35.61,27.42,42.97,0.32
2011,126,30.6,26.04,34.71,3
2011,127,31.62,23.48,39.45,0.01
2011,128,34.07,25.82,42.05,0
2011,129,35.64,26.38,43.73,0
2011,130,35.76,27.03,43.47,0
2011,131,36.59,28.68,44.64,0
2011,132,36.48,27.45,44.92,0
2011,133,35.63,27.68,43.34,0.02
2011,134,36.16,26.15,44.42,0.14
2011,135,37.54,28.08,45.79,0
2011,136,38.33,29.24,46.65,0
2011,137,38.63,28.8,47.43,0
2011,138,39.47,29.89,47.33,0
2011,139,39.23,29.92,47.2,0
2011,140,37.62,29.03,45.35,0
2011,141,37.95,31.68,44.82,1.73
2011,142,36.02,28.89,42.98,0.35
2011,143,35.92,29.21,42.88,0
2011,144,37.61,27.76,45.39,0
2011,145,38.94,33.48,45.35,0
2011,146,37.15,31.27,43.64,0.82
2011,147,35.6,29.89,41.48,3.42
2011,148,35.75,27.95,42.7,0
2011,149,37.8,29.88,44.52,0
2011,150,38.02,30.29,44.98,0
2011,151,36.97,28.91,44.02,0
2011,152,33,27.94,36.71,11.75
2011,153,30.2,24.42,36.29,13.71
2011,154,32.84,25.13,39.82,0
2011,155,34.83,26.74,41.83,0
2011,156,35.42,27.61,42.51,0
2011,157,37.03,28.98,44.38,0
2011,158,37.05,28.21,44.68,0
2011,159,37.09,29.35,44.4,0
2011,160,35.66,28.26,42.7,0
2011,161,34.91,27.7,41.19,0.74
2011,162,36.5,28.5,43.93,0.17
2011,163,35.05,27.77,41.24,6.74
2011,164,36.72,29.63,43.19,0
2011,165,38.94,31.16,45.58,0.01
2011,166,38.17,30.62,44.49,0.07
2011,167,38.24,31.84,43.94,0
2011,168,36.05,31.8,40.7,11.65
2011,169,34.98,28.64,40.73,6.01
2011,170,36.57,31.03,41.73,1.69
2011,171,35.24,29.39,40.86,5.76
2011,172,35.87,28.74,42.24,1.56
2011,173,37.64,29.95,43.76,0
2011,174,38.18,31.04,44.18,0.06
2011,175,38.86,32.32,44.21,0.86
2011,176,39.69,33.04,45.24,0.79
2011,177,38.09,32.24,44.06,1.16
2011,178,34.58,31.12,38.72,15.85
2011,179,33.28,29.18,37.59,17.67
2011,180,33.02,27.84,37.19,10.72
2011,181,33.26,28.41,37.69,8.45
2011,182,33.08,27.92,37.8,13.55
2011,183,33.74,28.75,38.37,1.46
2011,184,33.91,29.37,38.94,4.28
2011,185,32.85,27.9,39.03,0.08
2011,186,35.03,28.17,41.12,0
2011,187,34.83,28.04,40.34,1.24
2011,188,34.34,29.11,39.45,5.52
2011,189,32.98,29.6,36.56,6.76
2011,190,33.48,28.42,39.2,0.93
2011,191,33.72,27.35,39.51,0.27
2011,192,34.56,28.65,40.33,0
2011,193,36.01,29.82,41.79,0
2011,194,36.97,30.97,42.71,0.96
2011,195,33.6,29.31,37.92,24.87
2011,196,33.08,27.91,38.2,11.55
2011,197,31.36,27.6,34.57,1.09
2011,198,32.27,26.46,37.35,0.75
2011,199,33.42,27.7,38.68,1.14
2011,200,34.22,28.48,40.37,0
2011,201,36.05,30.51,42.05,0.02
2011,202,36.5,29.7,43.38,0.12
2011,203,34.79,29.6,40.25,4.4
2011,204,34.44,28.86,40.9,0.87
2011,205,31.57,28.74,34.74,0.54
2011,206,32.82,28.74,38.85,0.03
2011,207,33.17,27.81,37.89,0
2011,208,34.67,30.13,39.4,3.2
2011,209,33.04,29.74,36.27,21.78
2011,210,32.36,28.77,36.29,10.55
2011,211,33.73,28.59,39.24,1.33
2011,212,34.77,28.89,40.61,0.4
2011,213,35.19,29.41,40.29,2.1
2011,214,35.93,30.1,42.23,0.4
2011,215,36.09,30.24,41.67,1.21
2011,216,33.82,29.89,38.48,11.81
2011,217,33.1,27.58,38.21,1.57
2011,218,34.57,29.32,39.93,1.7
2011,219,33.1,28.33,37.26,22.41
2011,220,29.59,27.32,32.78,29.66
2011,221,30.79,26.75,35.36,6.49
2011,222,31.49,27.21,35.43,3.66
2011,223,31.2,27.46,35.53,8.71
2011,224,28.76,26.38,30.92,29.11
2011,225,27.15,25.02,29.66,3.64
2011,226,28.76,23.63,33.39,6.81
2011,227,29.07,25.39,32.56,6.69
2011,228,29.92,25.09,34.76,1.59
2011,229,30.1,25.19,34.84,0.05
2011,230,30.76,25.43,35.56,0.84
2011,231,30.92,26.26,35.79,0.89
2011,232,30.15,25.98,34.28,1
2011,233,31.42,26.36,36.09,0.14
2011,234,32.39,27.09,37.13,0
2011,235,33.43,28.24,38.5,3.98
2011,236,30.98,27.5,35.97,7.69
2011,237,28.89,26.46,31.95,1.63
2011,238,28.57,26.03,31.95,6.01
2011,239,29.99,26.45,34.02,19.02
2011,240,28.32,25.91,31.26,11.03
2011,241,28.49,26.1,31.07,0.34
2011,242,30.1,26.25,33.86,0
2011,243,29.85,26.61,32.38,19.06
2011,244,29.64,26.69,32.61,11.71
2011,245,28.86,25.88,32.48,1.55
2011,246,29.88,24.95,34.13,0.94
2011,247,29.91,25.92,33.89,1.73
2011,248,29.83,25.31,34,1.3
2011,249,29.09,25.59,33.22,5.12
2011,250,29.27,25.88,32.61,3
2011,251,30.42,27.21,34.26,3.03
2011,252,29.21,25.81,33.63,4.64
2011,253,29.34,25.49,33.1,0.79
2011,254,30.13,26.15,34.24,0.42
2011,255,29.94,26.03,34.07,2.48
2011,256,29.91,25.54,34.31,0.64
2011,257,31.11,27.25,34.76,0.18
2011,258,30.06,26.5,34,16.02
2011,259,28.14,24.47,31.98,15.43
2011,260,27.84,23.49,32.27,0.14
2011,261,28.26,23.34,32.87,0
2011,262,28.31,24.22,33.12,2.72
2011,263,28.21,23.21,33.5,0.01
2011,264,28.56,23.3,34.1,0
2011,265,28,22.15,34.46,0
2011,266,28.92,22.66,35.15,0
2011,267,29.03,21.93,35.45,0
2011,268,28.64,22.35,35.79,0
2011,269,29.5,23.23,35.74,0
2011,270,30.13,24.84,35.95,0
2011,271,29.5,23.04,35.62,0
2011,272,29.45,23.25,35.54,0
2011,273,29.31,23.38,35.27,0
2011,274,29.49,23.35,35.47,0
2011,275,30.17,23.86,36.47,0
2011,276,29.55,22.63,36.38,0
2011,277,29.21,23.83,35.8,0
2011,278,29.03,22.34,35.52,0
2011,279,28.78,23.84,34.67,0
2011,280,28.41,22.88,34.22,0
2011,281,27.58,23.07,32.95,0
2011,282,28.31,22.25,35.06,0
2011,283,27.67,21.7,35.06,0
2011,284,27.76,20.7,35.39,0
2011,285,27.97,21.11,35.53,0
2011,286,28.56,22.55,35.58,0
2011,287,27.24,22.19,34.85,0
2011,288,26.7,19.38,33.9,0
2011,289,26.35,18.42,33.78,0
2011,290,25.55,18.18,33.96,0
2011,291,25.53,17.02,34.09,0
2011,292,25.92,18.72,34.38,0
2011,293,24.82,17,33.29,0
2011,294,24.35,17.38,32.55,0
2011,295,23.53,17.65,31.25,1.05
2011,296,23.54,16.95,32.03,0.32
2011,297,23.76,16.91,32.08,0
2011,298,23.06,16.43,31.33,0
2011,299,22.48,16.21,31.11,0
2011,300,22.83,14.4,31.35,0
2011,301,23.56,16.26,31.21,0
2011,302,22.91,15.29,31.49,0
2011,303,23.22,17.33,31.35,0
2011,304,22.2,15.27,30.67,0
2011,305,22.25,15.62,30.2,0
2011,306,22.16,15.35,30.99,0
2011,307,23.2,15.88,31.74,0
2011,308,22.2,15.83,30.63,2.02
2011,309,22.11,16.78,30.18,0
2011,310,22.23,15.07,31.53,0
2011,311,21.84,14.49,30.81,0
2011,312,20.76,13.81,29.1,0
2011,313,21.23,15.55,27.52,0
2011,314,22.74,17.2,29.18,0
2011,315,23.19,18.06,30.44,0
2011,316,22.85,15.53,30.55,0
2011,317,22.92,16.76,30.18,0
2011,318,23.18,17.22,30.01,0
2011,319,21.68,14.47,29.9,0
2011,320,21.4,16.41,29.96,0
2011,321,21.69,15.61,30.52,0
2011,322,22.14,16.1,30.54,0
2011,323,23.2,16.96,30.87,0
2011,324,22.04,16.84,30.71,0
2011,325,21.95,15.43,30.83,0.1
2011,326,21.88,16.15,29.6,0
2011,327,19.74,14.85,27.23,0
2011,328,18.7,14.99,24.23,0
2011,329,19.2,13.85,25.81,0
2011,330,18.61,12.47,25.53,0
2011,331,18,12.2,24.93,0
2011,332,17.27,13.06,25.25,0
2011,333,17.34,10.26,27.69,0
2011,334,17.2,9.47,28.23,0
2011,335,16.8,11.76,25.15,0
2011,336,17.77,11.52,25.02,0
2011,337,18.56,12.38,27.81,0
2011,338,19.69,13.66,27.73,0
2011,339,18.07,10.4,27.61,0
2011,340,17.48,10.84,26.35,0.04
2011,341,18.28,13.5,26.01,0.17
2011,342,18.81,13.16,25.26,0
2011,343,18.29,13.93,25.64,0
2011,344,16.17,10.07,24.77,0
2011,345,16.42,8.25,25.27,0
2011,346,16.52,9.86,24.56,0
2011,347,14.51,8.75,24.31,0
2011,348,14.43,9.05,23.4,0
2011,349,14.76,9.98,22.26,0
2011,350,14.15,8.29,23.13,0
2011,351,13.99,6.66,23.52,0
2011,352,13.71,7.44,21.21,0
2011,353,13.1,8.49,19.5,0
2011,354,12.6,7.33,20.08,0
2011,355,12.03,7.25,20.83,0
2011,356,10.99,6.28,19.68,0
2011,357,10.57,3.97,19.82,0
2011,358,11.87,6.34,20.49,0
2011,359,12.63,6.47,20.95,0
2011,360,12.83,6.32,19.86,0
2011,361,12.27,5.77,19.55,0
2011,362,11.5,6.07,19.59,0
2011,363,11.65,6.08,21.47,0
2011,364,12.34,4.44,22.74,0
2011,365,13.08,7.89,22.01,0
2012,1,11.86,6.45,20.58,0
2012,2,12.93,7.24,22.19,0
2012,3,14,7.92,22.16,0
2012,4,12.85,8.65,19.28,0
2012,5,12.3,5.77,19.12,0
2012,6,12.3,7.18,19.51,8.95
2012,7,9.44,4.58,16.47,0.65
2012,8,8.7,2.38,17.4,0
2012,9,9.76,1.79,18.44,0
2012,10,10.31,5.75,17.42,0
2012,11,10.54,4.05,18.59,0
2012,12,11.77,7.48,20.65,0
2012,13,12.31,5.92,21.17,0
2012,14,11.52,6.21,20.97,0.19
2012,15,9.86,8.4,12.11,18.18
2012,16,11.21,6.99,17.4,0.76
2012,17,12.26,6.71,19.17,0.03
2012,18,12.47,7.62,19.13,0
2012,19,10.59,4.35,17.32,0.09
2012,20,9.46,4.33,17.12,0.04
2012,21,9.25,1.71,18.29,0
2012,22,11.41,6.49,19.51,0
2012,23,10.73,4.99,20,0
2012,24,9.94,2.8,19.14,0
2012,25,12.05,6.07,19.69,0
2012,26,12.62,7.15,20.68,0
2012,27,12.16,5.9,20.6,0
2012,28,12.34,6.24,20.37,0
2012,29,11.78,4.84,21.13,0
2012,30,12.02,3.23,20.89,0
2012,31,13.11,8.49,21.18,0
2012,32,12.18,5.23,21.93,0
2012,33,14.32,6.81,23.55,0
2012,34,12.78,8.67,19.05,0.02
2012,35,12.66,8.98,18.38,1.95
2012,36,12.92,7.8,20.58,0.01
2012,37,11.32,4.95,21.4,0
2012,38,8.83,0.83,19.21,0
2012,39,8.39,-0.1,19.08,0
2012,40,9.55,2.07,19.26,0
2012,41,11.47,3.07,21.63,0
2012,42,11.77,5.76,18.74,0.4
2012,43,10.34,4.9,17.69,4.72
2012,44,12.72,7.75,21.58,0.61
2012,45,12.8,6.93,21.94,0
2012,46,11.18,3.24,20.8,0
2012,47,12.27,6.08,21.17,0
2012,48,12.52,4.3,22.63,0
2012,49,11.94,5.63,19.88,0.01
2012,50,14.69,7.24,24.8,0.03
2012,51,14.13,9.61,20.68,0.35
2012,52,16.4,11.15,24.58,0.35
2012,53,16.27,10.36,25.13,0
2012,54,13.6,6.63,23.52,0
2012,55,12.29,5.08,22.33,0
2012,56,12.76,4.97,23.26,0
2012,57,14.3,4.83,26.02,0
2012,58,17.15,10.06,27.74,0
2012,59,17.75,10.63,27.1,0
2012,60,18.92,11.9,27.76,0
2012,61,18.27,9.59,27.99,0
2012,62,17.93,8.8,28.24,0
2012,63,20.49,11.7,30.15,0
2012,64,21.54,13.22,30.66,0.34
2012,65,21.14,14.74,28.99,2.76
2012,66,19.67,12.22,29.49,0
2012,67,17.45,9.27,26.76,0
2012,68,17.27,11.31,25.77,0
2012,69,17.54,8.75,25.47,0
2012,70,16.65,8.53,25.73,0
2012,71,16.34,7.33,26.36,0
2012,72,18.55,10.04,29.46,1.87
2012,73,17.52,10.77,25.58,0.45
2012,74,17.53,10.24,25.38,0
2012,75,20.32,11.03,30.04,0
2012,76,22.56,14.15,31.18,0
2012,77,23.92,14.97,33.69,0
2012,78,24.52,15.64,34.89,0
2012,79,25.95,16.48,36.5,0
2012,80,19.24,13.45,26.68,0
2012,81,18.9,10.77,27.22,0
2012,82,19.9,9.43,31.48,0
2012,83,22.66,13.9,33.38,0
2012,84,23.98,15.07,34.4,0
2012,85,25.4,16.59,34.75,0.03
2012,86,25.75,19.13,33.66,0
2012,87,24.91,18.61,32.17,0
2012,88,22.86,15.09,33.09,0
2012,89,25.02,14.53,35.78,0
2012,90,27.88,18.37,38.19,0
2012,91,28.58,21.43,36.71,0
2012,92,28.49,20.02,37.62,0
2012,93,29.44,19.7,38.96,0
2012,94,30.61,22.78,39.42,0
2012,95,30.7,21.3,39.01,0
2012,96,30.96,22.56,39.59,0
2012,97,29.95,21.61,37.56,0
2012,98,28.89,19.62,38.09,0.05
2012,99,30.72,23.72,39.04,0
2012,100,30.47,22.03,39.23,0.01
2012,101,28.24,22.63,35.46,0.56
2012,102,26.2,20.61,33.3,11.7
2012,103,26.24,17.7,34.7,0.08
2012,104,27.4,19.73,35.32,1.12
2012,105,23.71,19.14,28.77,7.46
2012,106,25.32,17.66,32.85,0
2012,107,24.91,18.67,31.56,5.39
2012,108,26.11,20.44,31.66,1.69
2012,109,27.27,19.85,34.04,0.04
2012,110,28.85,22.51,36.51,0.12
2012,111,27.41,22.17,34.32,0.12
2012,112,26.69,19,33.2,0.07
2012,113,26.83,20.71,32.96,0.22
2012,114,27.28,19.46,35.17,0.01
2012,115,28.5,20.7,36.21,0.04
2012,116,28.98,21.48,35.6,0.03
2012,117,28.97,22.17,35.99,0.12
2012,118,28.16,20.56,35.52,1.14
2012,119,27.74,22.17,34.19,5.23
2012,120,27.91,21.14,34.86,2.71
2012,121,27.28,20.81,34.13,2
2012,122,26.97,20.52,34.26,0.04
2012,123,27.82,19.61,36.36,0.19
2012,124,29.49,20.37,37.31,0
2012,125,31.68,23.06,39.24,0
2012,126,30.87,22.59,37.8,0
2012,127,30.32,23.25,37.31,0.01
2012,128,33.45,26.47,41.36,0
2012,129,34.42,26.76,42.3,0
2012,130,33.24,25.91,42.01,0
2012,131,34.56,26.13,42.56,0.12
2012,132,35.07,27.61,42.03,0.62
2012,133,34.3,28.36,41.45,0.38
2012,134,32.66,24.67,40.1,0
2012,135,32.97,24.59,40.86,0
2012,136,34.71,27.08,42.28,0
2012,137,35.87,27.05,43.3,0.15
2012,138,35.4,29.19,42.08,0.02
2012,139,34.81,28.01,41.95,0.03
2012,140,34.51,25.39,42.71,0
2012,141,35.61,26.93,42.81,0.08
2012,142,34.88,27,42.26,0.01
2012,143,34.03,26.94,41.32,0
2012,144,34.37,24.85,43.06,0
2012,145,35.61,26.13,44.46,0
2012,146,35.15,26.49,43.11,0
2012,147,34.43,26.84,41.76,0
2012,148,34.43,26.08,42.3,0
2012,149,36.34,27.18,43.82,0
2012,150,37.96,30.01,46.25,0
2012,151,38.46,28.76,47.69,0
2012,152,39.02,29.68,47.05,0
2012,153,39.51,30.09,47.45,0
2012,154,39.14,31.64,47.13,0
2012,155,38.5,29.01,46.27,0
2012,156,38.86,30.05,46.22,0
2012,157,38.01,30.45,46.42,0.33
2012,158,35.28,29.1,40.92,0.77
2012,159,33.76,28.61,39.31,2.88
2012,160,34.47,28.67,40.45,1.58
2012,161,36.43,28.93,43,0.06
2012,162,37.7,30.14,43.99,0.01
2012,163,36.75,30.24,42.48,0.09
2012,164,37.71,30.01,44.58,0
2012,165,37.11,29.3,44.31,0.03
2012,166,37.82,29.66,45.3,0
2012,167,38.33,29.02,46.32,0
2012,168,39.32,31.65,46.44,0
2012,169,39.8,30.6,47.55,0
2012,170,39.28,32.1,45.37,0.79
2012,171,38.34,31.41,44.83,0
2012,172,38.98,30.39,46.07,0
2012,173,39.95,31.25,47.67,0
2012,174,40.45,31.7,47.94,0
2012,175,40.78,33.54,47.01,0.05
2012,176,40.34,33.63,46.79,0.17
2012,177,39.3,31.7,45.53,0.14
2012,178,37.96,32.28,43.81,0
2012,179,38.43,31.03,44.71,0.21
2012,180,37.72,30.82,43.61,0.2
2012,181,38.47,32.08,45.04,0.26
2012,182,39.26,31.97,45.63,0
2012,183,40.55,32.37,47.07,0
2012,184,41.03,32.13,48.05,0
2012,185,41.97,34.92,48.62,0
2012,186,41.04,34.55,47.63,0.28
2012,187,39.25,32.98,45.55,2.75
2012,188,38.74,32.51,44.86,3.1
2012,189,36.67,32.07,41.23,2.99
2012,190,35.14,31.2,39.4,3.93
2012,191,35.89,30.64,41.12,0.78
2012,192,36.95,31.49,42.51,2.07
2012,193,35.64,30.69,40.21,3.29
2012,194,35.15,30.51,39.37,4.22
2012,195,34.66,30.61,38.41,13.39
2012,196,32.66,28.95,36.25,11.66
2012,197,32.88,28.36,37.66,3.25
2012,198,34.61,28.65,40.81,0.04
2012,199,35.89,29.41,42.63,0
2012,200,37.08,30.33,43.72,1.11
2012,201,36.88,30.01,43.42,1.2
2012,202,36.17,31.9,40.42,2.69
2012,203,35.27,29.68,41.28,1.19
2012,204,36.08,29.9,42.02,0
2012,205,37.42,31.83,43.37,0
2012,206,38.48,31.94,45.58,0.11
2012,207,35.91,30.68,40.8,12.03
2012,208,34.29,29.96,39.01,10.93
2012,209,35.01,29.75,40.78,0
2012,210,36.61,31.05,42.27,0
2012,211,36.08,30.37,40.91,2.11
2012,212,36.2,30.32,41.36,2.28
2012,213,36.48,29.73,42.01,0.66
2012,214,36.8,31.17,41.54,0
2012,215,37.64,31.79,44,0
2012,216,37.21,30.47,44.37,0.06
2012,217,34.76,30.18,39.96,10.48
2012,218,32.79,29.75,36.6,8.96
2012,219,33.54,27.68,39.8,0.02
2012,220,34.6,28.57,40.06,0.39
2012,221,34.41,28.86,39.98,2.44
2012,222,33.2,27.86,38.1,11.99
2012,223,32.48,27.47,37.14,10.06
2012,224,33.38,28.72,38.18,1.35
2012,225,33.6,28.58,38.44,0.18
2012,226,34.11,28.46,38.91,0.14
2012,227,32.06,29.23,35.42,12.21
2012,228,31.83,27.84,35.45,7.22
2012,229,33.85,27.91,38.96,0.55
2012,230,34.17,29.14,39.25,1.44
2012,231,34.66,28.88,40.66,0.25
2012,232,33.81,30.28,37.71,0.66
2012,233,33.87,28.08,40.15,1.22
2012,234,33.55,28.38,39.26,3.52
2012,235,31.2,27.91,36.05,6.55
2012,236,29.9,26.67,33.62,11.29
2012,237,32.19,27.11,36.83,3.32
2012,238,32.94,28.62,37.83,3.08
2012,239,32.6,27.26,37.33,0.44
2012,240,33.1,28.55,38.45,0.32
2012,241,32.17,27.78,36.83,0.64
2012,242,32.78,28.1,38.17,1.42
2012,243,33.42,27.97,38.65,1.45
2012,244,33.03,27.87,38.04,0.7
2012,245,33.83,28.07,39.8,0
2012,246,33.88,27.96,40.31,0.01
2012,247,34.02,28.43,39.81,0.05
2012,248,32.46,28.81,36.8,1.5
2012,249,31.19,27.01,35.27,10.25
2012,250,29.5,26.7,33.33,8.35
2012,251,31.54,26.06,36.41,0.62
2012,252,28.93,26.08,31.97,5.95
2012,253,29.57,25.22,34.39,7.22
2012,254,31.3,26.34,36.88,0.15
2012,255,32.39,26.03,39.46,0.2
2012,256,32.8,26.61,39.31,0.05
2012,257,33.09,27.76,38.78,1.97
2012,258,31.98,28.14,36.24,21.43
2012,259,30.95,25.9,36.57,11.56
2012,260,30.28,26.12,35.05,16.07
2012,261,28.76,25.15,32.75,36.26
2012,262,28.23,23.67,32.28,9.92
2012,263,26.96,21.06,33.42,0.04
2012,264,27.12,20.63,34.19,0
2012,265,27.63,21.09,35.16,0
2012,266,27.57,20.79,35.18,0
2012,267,27.52,21,35.56,0
2012,268,26.66,19.16,34.97,0
2012,269,26.68,19.16,34.19,0
2012,270,26.56,19.34,34.51,0.02
2012,271,27.29,20.37,35.51,0
2012,272,27.24,20.05,35.02,0
2012,273,27.89,20.78,36.18,0
2012,274,27.91,20.43,36.54,0
2012,275,28.22,20.55,36.87,0
2012,276,28.47,21.28,36.99,0
2012,277,28.05,21.1,36.42,0
2012,278,28.24,22.24,35.68,0
2012,279,27.53,21.54,35.99,0
2012,280,27.65,20.9,35.74,0
2012,281,27.08,19.67,35.7,0
2012,282,26.77,19.16,35.07,0
2012,283,26.42,19.39,34.87,0
2012,284,26.49,20.9,34.03,0
2012,285,26.07,18.82,33.95,0
2012,286,26.4,19.45,34.14,0
2012,287,27.5,21.28,34.21,0
2012,288,27.15,22.12,34.32,0.87
2012,289,24.78,20.95,31.46,2.25
2012,290,23.2,17.15,31.04,3.25
2012,291,23.52,16.89,31.06,0
2012,292,23.92,17.01,32.64,0
2012,293,24.19,17.33,32.89,0.59
2012,294,23.08,16.66,31.68,1.17
2012,295,23.24,17.16,31.83,0
2012,296,22.3,16.21,30.52,0
2012,297,21.72,15.31,30.69,3.73
2012,298,20.92,14.15,29.43,0
2012,299,20.27,12.77,29.18,0
2012,300,21.67,14.49,29.3,0
2012,301,21.48,14.26,29.36,0
2012,302,21.67,14.23,30.31,0
2012,303,21.74,14.89,30.52,0
2012,304,22.1,16.32,30.92,0
2012,305,22.39,16.43,30.53,0
2012,306,22.15,16,30.76,0
2012,307,21.62,14.85,29.67,0
2012,308,22.11,15.3,30.77,0
2012,309,21.84,14.56,30.27,0
2012,310,22.54,18.35,30.26,0
2012,311,21.71,15.42,30.17,0
2012,312,20.97,15.04,28.95,0
2012,313,21.62,15.7,28.78,0
2012,314,20.67,13.71,27.3,0
2012,315,20.97,16.77,28.69,0
2012,316,19.99,13.63,28.31,0
2012,317,19.75,15.01,26.46,0
2012,318,18.98,14.61,27.13,0
2012,319,18.09,12.54,27.13,0
2012,320,18.02,11.63,27.61,0
2012,321,18.65,11.87,27.13,0
2012,322,18.4,14.35,26.34,0
2012,323,18.48,11.77,27.35,0
2012,324,18.33,11.67,27.71,0
2012,325,17.73,11.17,28.07,0
2012,326,16.02,11.32,23.99,0
2012,327,16.11,8.93,27.28,0
2012,328,16.54,8.99,25.71,0
2012,329,17.37,13.16,25.26,0
2012,330,16.43,11.2,25.22,0
2012,331,15.88,8.67,25.68,0
2012,332,15.73,8.55,25.56,0
2012,333,17.28,9.72,26.82,0.02
2012,334,17.82,13.4,25.6,0.44
2012,335,15.14,8.4,25.29,0
2012,336,14.09,5.97,24.35,0
2012,337,15.29,9.42,23.6,0
2012,338,15.13,9.36,25.39,0
2012,339,14.64,6.76,26.18,0
2012,340,15.22,9.31,25.53,0
2012,341,15.88,7.97,27.41,0
2012,342,16.81,10.43,28.06,0
2012,343,17.47,9.87,29.23,0
2012,344,17.77,10.59,27.18,0
2012,345,18.16,12.42,25.7,0
2012,346,17.26,12.33,23.82,0
2012,347,15.59,11.11,22.04,0.01
2012,348,11.73,9.24,16.8,10.25
2012,349,13.62,9.29,19.55,0.51
2012,350,12.15,8.86,16.49,0
2012,351,12.29,6.81,20.65,0
2012,352,13.21,6.9,23.03,0
2012,353,14.48,8.64,22.91,0
2012,354,13.47,5.97,24.5,0
2012,355,12.84,5.12,24.16,0
2012,356,12.34,4.84,23.62,0
2012,357,12.42,5.29,23.33,0
2012,358,13.22,6.67,22.61,0
2012,359,12.7,8.35,21.15,0
2012,360,12.18,4.98,23.31,0
2012,361,13.14,5.05,22.99,0
2012,362,14.73,10.52,22.37,0
2012,363,11.52,7.14,18.58,6
2012,364,10.44,5.65,18.51,1.52
2012,365,10.91,4.34,19.9,0
2012,366,11.31,5.13,21.11,0
2013,1,9.62,5.64,15.24,0
2013,2,9.11,1.79,19.15,0
2013,3,9.37,3.35,18.68,0
2013,4,8.66,1.75,19.11,0
2013,5,7.65,0.51,17.94,0
2013,6,6.75,0.87,16.36,0
2013,7,6.53,-0.27,16.59,0
2013,8,7.95,-0.06,18.85,0.16
2013,9,10.19,4.53,18.37,1.4
2013,10,10.63,2.89,21.64,0
2013,11,12.95,3.55,24.01,0
2013,12,15.33,10.17,22.5,0.03
2013,13,14,7.43,24.05,0
2013,14,11.23,3.01,22.62,0
2013,15,11.88,5.09,20.73,0
2013,16,12.36,7.24,20.7,0
2013,17,11.67,8.47,18.55,0.4
2013,18,11.38,7.89,18.89,7.9
2013,19,9.92,5.52,18.25,0.49
2013,20,9.2,2.13,19.9,0
2013,21,8.88,0.79,20.19,0
2013,22,9.86,1.27,21.51,0
2013,23,11.03,5.12,20.69,0
2013,24,10.93,3.22,21.2,0
2013,25,11.34,3.22,22.26,0
2013,26,11.87,3.29,23.87,0
2013,27,12.73,4.2,22.63,0
2013,28,15.24,8.07,24.95,0
2013,29,14.83,7.97,24.81,0
2013,30,14.57,8.83,22.59,0
2013,31,14.89,9.94,24,0
2013,32,15.26,8.03,24.06,0
2013,33,17.09,11.75,25.44,0
2013,34,13.63,9.51,18.81,6.59
2013,35,14.26,11.22,19.38,9.68
2013,36,13.68,9.91,18.96,14.04
2013,37,12.49,6.75,20.6,0.07
2013,38,12.35,4.36,22.51,0
2013,39,12.08,3.68,22.99,0
2013,40,12.82,4.42,23.68,0
2013,41,14.77,8.03,24.57,0
2013,42,14.16,8.22,22.74,0
2013,43,14.96,6.79,25,0
2013,44,15.81,7.63,26,0
2013,45,16.56,10.78,25.18,0
2013,46,16.21,11.27,23.44,0.12
2013,47,14.49,11.59,18.68,13.46
2013,48,15.4,8.92,22.06,0.3
2013,49,15.42,8.28,23.6,0
2013,50,14.84,9.33,23,0
2013,51,16.05,8.85,25.1,0
2013,52,15.4,12.4,21.15,5.73
2013,53,16.33,11.22,22.82,3.54
2013,54,14.56,11.49,17.75,12.91
2013,55,16.75,9.95,24.26,0.33
2013,56,18.23,12.05,25.69,0
2013,57,18.31,13.53,24.18,3.75
2013,58,16.61,10.2,23.66,5.77
2013,59,16.92,11.25,25.13,0
2013,60,15.32,6.93,26.16,0
2013,61,16.73,6.69,29.29,0
2013,62,18.79,8.92,30.41,0
2013,63,21.63,11.94,30.55,0
2013,64,21.44,15.03,30.6,0
2013,65,20.06,11.33,30.8,0
2013,66,21.22,11.37,31.49,0
2013,67,23.16,15.08,31.7,0
2013,68,21.86,14.28,29.67,0
2013,69,21.91,14.56,31.74,0
2013,70,20.49,12.34,30.17,0
2013,71,22.35,15.29,30.75,0
2013,72,20.35,16.06,27.06,0.02
2013,73,19.67,14.4,27.02,7.05
2013,74,18.78,11.93,26.46,0
2013,75,20.55,11.75,29.18,0
2013,76,21.81,14.43,30.77,0
2013,77,22.28,13.9,31.69,0
2013,78,23.13,15.18,33.27,0
2013,79,24.71,17.64,33.86,0
2013,80,23.6,16.14,33.43,0
2013,81,22.9,13.19,31.62,0
2013,82,24.75,17.96,33.59,4.02
2013,83,22.45,15.95,30.44,1.76
2013,84,20.98,13.95,30.01,0
2013,85,20.78,11.94,29.38,0
2013,86,23.12,16.89,29.99,0.01
2013,87,23.12,19.8,29.58,0.48
2013,88,23.3,15.34,31.44,0.16
2013,89,23.81,15.97,31.78,0.06
2013,90,25.43,16.84,33.98,0
2013,91,27.39,18.98,35.8,0
2013,92,25.86,20.26,33.54,0.87
2013,93,24.06,17.76,32.54,0.44
2013,94,24.13,14.89,33.66,0
2013,95,24.1,15.14,34.32,0
2013,96,25.92,15.82,36.33,0
2013,97,27.45,20.34,36.31,0
2013,98,27.84,19.59,36.24,0
2013,99,28.73,20.82,37.53,0.01
2013,100,26.57,20.22,33.74,1.7
2013,101,27.16,19.51,35.4,0
2013,102,27.69,19.53,35.86,0
2013,103,29.23,20.55,37.51,0
2013,104,28.7,21.1,36.21,0.48
2013,105,29.84,20.95,37.98,0
2013,106,30.11,22.42,38.43,0.19
2013,107,28.52,19.61,38.68,0
2013,108,28.56,18.97,38.55,0
2013,109,29.84,21.12,39.38,0
2013,110,29.65,22.47,37.22,0.03
2013,111,25.63,20.93,30.33,0.38
2013,112,27.34,18.33,35.55,0.13
2013,113,28.96,21.35,36.5,0
2013,114,30.74,23.04,38.45,0.23
2013,115,30.08,23.87,36.52,0.49
2013,116,29.77,22.97,36.43,3.45
2013,117,28.22,22.73,36.23,0.1
2013,118,29.05,20.91,37.56,0
2013,119,30.13,22.9,37.35,0
2013,120,31.01,22.24,39.87,0
2013,121,30.24,20.47,39.56,0
2013,122,29.58,20.14,39.04,0
2013,123,30.68,20.5,40.76,0
2013,124,33.12,22.8,42.57,0
2013,125,34.36,24.8,43.83,0
2013,126,33.63,24.69,42.16,0
2013,127,34.03,24.97,42.73,0
2013,128,34.23,26.57,42.16,0.38
2013,129,34.73,25.59,43.19,0
2013,130,35.21,26.66,43.18,0.01
2013,131,33.52,26.8,39.97,2.61
2013,132,30.05,26.02,34.89,0.44
2013,133,30.97,23.36,38.31,0.28
2013,134,32.34,24.57,39.57,0.18
2013,135,33.32,24.47,41.35,0
2013,136,34.12,25.31,42.91,0.12
2013,137,35.05,24.65,44.94,0
2013,138,36.45,25.42,46.23,0
2013,139,37.87,29.25,47.04,0
2013,140,37.65,27.45,46.65,0
2013,141,38.05,28.91,47.16,0
2013,142,38.08,28.46,47.28,0
2013,143,38.89,28.43,48.46,0
2013,144,39.46,29.46,48.66,0
2013,145,39.4,31.97,46.73,0
2013,146,38.6,31.1,45.69,0.13
2013,147,37.9,30.88,44.34,0.6
2013,148,36.44,28.03,43.95,0
2013,149,35.23,26.77,42.66,0
2013,150,35.04,25.81,43.49,0
2013,151,36.34,26.41,44.99,0
2013,152,37.28,29.11,44.6,0
2013,153,36.92,28.02,44.13,0
2013,154,37.29,29.04,44.28,0.24
2013,155,37.74,29.64,45.29,0
2013,156,39.6,30.24,47.38,0
2013,157,40.59,32.58,48.15,0
2013,158,39.49,31.04,46.59,0
2013,159,39.47,32.2,46.07,0
2013,160,40.2,31.08,47.71,0
2013,161,40.69,33.42,47,0
2013,162,40.71,34.48,46.99,5.05
2013,163,33.49,29.63,36.66,21.01
2013,164,34.56,30.18,39.04,1.83
2013,165,34.33,28.96,39.29,7.16
2013,166,30.86,27.31,33.02,31.06
2013,167,31.11,25.89,36.24,1.72
2013,168,31.97,25.98,37.06,3.14
2013,169,32.63,26.31,38.17,2.25
2013,170,33.32,25.43,40.04,0
2013,171,35.52,27.39,42.46,0
2013,172,37.53,29.74,43.59,0
2013,173,37.51,29.61,44.65,0
2013,174,37.56,29.86,44.48,0
2013,175,38.09,30.33,45.04,0
2013,176,36.65,30.16,43.38,0.08
2013,177,36.92,29.27,43.75,0.44
2013,178,36.93,31.16,42.24,0.29
2013,179,37.08,30.43,43.01,3.07
2013,180,37.54,31.64,42.23,2.89
2013,181,36.05,31.43,41.14,3.57
2013,182,36.71,31.54,42.52,0
2013,183,36.7,29.7,43.27,0.01
2013,184,37.09,30.16,43.17,0.08
2013,185,37.19,30.69,42.97,0
2013,186,37.3,31.61,42.77,1.67
2013,187,35.55,31.52,40.07,13.92
2013,188,34.19,30.35,37.95,14.68
2013,189,34.22,29.74,38.26,18.96
2013,190,33.76,30.07,37.48,18.54
2013,191,32.66,28.54,36.57,7.57
2013,192,33.39,28.12,37.94,4.72
2013,193,33.89,28.74,38.06,7.05
2013,194,34.64,28.52,40.29,0.34
2013,195,35.72,29.18,41.17,1
2013,196,35.53,30.24,40.63,6.26
2013,197,35.39,29.2,41.41,2.13
2013,198,35.22,30.05,39.6,10.32
2013,199,35.12,29.7,40.24,2.39
2013,200,36.01,30.07,41.7,7.57
2013,201,32.36,28.06,36.81,20.85
2013,202,31.73,26.99,36.33,5.16
2013,203,34,29.23,38.72,0
2013,204,34.34,29.1,39.51,1.16
2013,205,33.99,28.57,39.27,1.75
2013,206,34.35,28.86,39.27,2.83
2013,207,34.11,28.77,38.95,1.61
2013,208,34.45,28.56,39.53,0.08
2013,209,35.18,29.82,40,0.15
2013,210,34.73,30.39,39.29,6.5
2013,211,33.98,30.23,38.38,2.91
2013,212,35.32,29.79,40.9,1.2
2013,213,33.49,29.67,37.53,7.06
2013,214,29.9,28.11,31.77,13.76
2013,215,30.94,27.13,34.36,17.31
2013,216,32.92,27.68,37.19,0.76
2013,217,33.16,29.05,37.63,15.05
2013,218,31.28,26.84,36.01,30.54
2013,219,30.7,25.76,36.1,8.39
2013,220,32.26,26.53,37.68,0.49
2013,221,32.85,28.75,37.53,0.01
2013,222,29.39,26.99,32.8,2.5
2013,223,30.24,26.26,34.55,2.83
2013,224,31.2,27.14,34.98,2.91
2013,225,30.68,26.78,35.17,3.31
2013,226,28.54,26.11,31.73,16.07
2013,227,28.22,25.7,31.42,38.74
2013,228,27.23,25.31,29.28,27.94
2013,229,27.9,25.25,30.99,30.84
2013,230,29.25,25.8,32.57,20
2013,231,30.02,25.3,34.58,4.43
2013,232,29.75,24.59,33.98,0.1
2013,233,30.37,25.66,35.01,0.26
2013,234,30.08,24.48,35.88,0.36
2013,235,30.24,24.62,35.95,0
2013,236,30.58,25.32,35.61,0
2013,237,31.25,25.52,36.35,0
2013,238,31.36,25.81,37.21,0
2013,239,31.27,24.71,37.76,2.7
2013,240,30.14,24.7,36.07,1.66
2013,241,30.23,24.62,35.98,0.97
2013,242,30.92,25.39,36.69,0.16
2013,243,31.08,26.01,36.77,0.21
2013,244,30.57,24.96,36.63,0.32
2013,245,30.73,24.47,36.87,1.49
2013,246,30.7,24.88,37.26,0.88
2013,247,30.57,24.2,36.78,0.43
2013,248,29.91,23.33,36.66,2.82
2013,249,28.84,23.09,35.7,4.7
2013,250,28.88,22.44,36.2,0
2013,251,28.9,23.64,36.15,0.33
2013,252,27.89,21.98,34.81,0.55
2013,253,29.08,23.47,35.21,0.02
2013,254,29.24,23.18,36.28,0
2013,255,28.81,22.96,35.7,0
2013,256,29.31,23.55,35.72,0
2013,257,29.75,23.78,35.74,0
2013,258,29.6,23.75,36.88,0.62
2013,259,28.12,23.07,34.57,1.67
2013,260,28.55,22.11,35.85,0
2013,261,29.56,23.8,36.9,0
2013,262,29.52,22.58,36.68,0
2013,263,29.03,21.54,37.05,0
2013,264,28.97,21.85,36.37,0.39
2013,265,30.08,24.49,36.52,0
2013,266,30.79,24.62,36.58,0.89
2013,267,31.06,25.92,37.39,2.64
2013,268,30.56,24.87,37.2,0
2013,269,30.52,24.78,36.35,0.05
2013,270,31.3,26.28,36.83,1.22
2013,271,30.72,25.24,36.27,0.62
2013,272,30.19,25.28,35.96,0.04
2013,273,29.74,24.52,35.54,0.02
2013,274,29.58,24.18,35.26,0.39
2013,275,29.81,24.61,35.68,0
2013,276,29.59,24.96,34.2,2.36
2013,277,28.58,24.35,33.22,2.78
2013,278,29.44,23.96,35.2,0.55
2013,279,30.19,24.06,36.61,0
2013,280,30.42,25.14,36.44,0
2013,281,30.95,24.99,36.96,0
2013,282,30.41,25.36,35.97,0
2013,283,30.76,25.4,36.39,0
2013,284,28.55,24.22,33.83,16.79
2013,285,25.56,22.41,30.22,3.38
2013,286,26.46,20.68,32.96,0
2013,287,27,20.62,34.42,0
2013,288,27.42,21.52,34.22,0
2013,289,27.23,21.1,34.45,0
2013,290,27.24,21.38,34.58,0
2013,291,26.92,20.76,35.26,0
2013,292,26.98,20.78,34.28,0
2013,293,27.05,21.36,33.82,0
2013,294,25.17,18.41,32.72,0
2013,295,23.71,16.25,32.17,0
2013,296,23.01,16.28,31.08,0
2013,297,24.03,17.81,31.94,0
2013,298,24.69,18.38,31.88,0
2013,299,24.4,17.73,31.44,0
2013,300,23.5,18.04,30.35,0
2013,301,23.8,16.62,31.77,0
2013,302,23.64,18.64,32.15,0
2013,303,23.83,18.27,32,0
2013,304,22.86,18.22,30.61,0.15
2013,305,21.21,15.83,29.07,0.04
2013,306,21.58,15.17,30.14,0
2013,307,21.51,14,29.45,0
2013,308,21.45,14.59,29.32,0
2013,309,20.48,17.17,27.06,0
2013,310,17.96,14.39,25.21,0.45
2013,311,17.46,12.27,24.18,3.49
2013,312,17.33,11.79,24.25,5.24
2013,313,17.71,12.2,24.96,0
2013,314,17.81,11.09,26.67,0
2013,315,18.13,11.65,26.83,0
2013,316,19.8,11.9,27.57,0
2013,317,18.19,12.46,26.36,0
2013,318,16.66,9.63,26.24,0
2013,319,17.08,9.54,26.84,0
2013,320,18.36,12.72,27.27,0
2013,321,17.82,12.13,27.42,0
2013,322,17.28,8.8,28.55,0
2013,323,19.1,11.6,28.2,0
2013,324,20.64,14.11,29.02,0
2013,325,19.47,13.48,27.92,0
2013,326,18.43,12.85,27.2,0
2013,327,18.63,13.21,27.63,0
2013,328,19.05,12.34,28.57,0
2013,329,19.27,12.51,28.94,0
2013,330,19.68,12.52,29.63,0
2013,331,19.78,13.01,28.97,0
2013,332,20.35,15.05,29.04,0
2013,333,18.41,11.4,28.93,0
2013,334,18.03,9.66,28.73,0
2013,335,18.6,13.26,27.16,0
2013,336,18.18,11.4,27.51,0
2013,337,18.21,13.05,26.2,0
2013,338,17.15,12.39,25.98,0
2013,339,16.37,9.82,26.35,0
2013,340,18.13,12.02,27.98,0
2013,341,18.89,12.51,26.39,0
2013,342,17.72,12.15,25.25,0
2013,343,17.17,10.45,25.33,0
2013,344,16.83,10.61,25.43,0
2013,345,15.93,9.74,25.15,0
2013,346,16.61,10.4,26.14,0
2013,347,16.5,9,28,0
2013,348,17.24,9.03,28.54,0
2013,349,14.77,8.13,23.17,0
2013,350,14.7,9.1,22.52,0
2013,351,14.94,10.62,21.77,0
2013,352,14.82,9.35,22.82,0
2013,353,13.41,7.56,22.36,0
2013,354,13.29,6.98,22.36,0
2013,355,12.91,9.1,18.82,2.87
2013,356,11.71,6.67,19.7,0.06
2013,357,11.29,5.66,20.07,0
2013,358,11.05,4.73,20.54,0
2013,359,10.99,4.13,21.73,0
2013,360,11.06,3.2,21.38,0
2013,361,11.95,6.41,19.54,0
2013,362,11.54,6.36,19,0
2013,363,10.13,3.7,18.27,0
2013,364,10.67,4.83,18.32,0.4
2013,365,8.73,3.87,18.17,0.19
2014,1,8.41,2.15,18.04,0
2014,2,9.16,1.13,20.87,0
2014,3,10.53,2.94,21.61,0
2014,4,11.78,5.95,21.16,0
2014,5,11.06,5.06,21.52,0
2014,6,10.89,2.9,20.75,0
2014,7,11.42,5.76,20.06,1.11
2014,8,11.47,6.89,17.74,0.04
2014,9,10.31,4.03,18.73,0
2014,10,10.24,4.72,18.72,0
2014,11,10.54,3.36,21.01,0
2014,12,11.55,3.62,21.16,0
2014,13,13.47,9.18,21.79,0
2014,14,14.07,7.94,22.81,0
2014,15,14.71,9.44,23.8,0
2014,16,13.78,8.79,21.33,0
2014,17,11.1,8.83,14.65,1.97
2014,18,11.76,6.97,19.02,0.61
2014,19,12.38,6.24,20.56,0.03
2014,20,13.8,6.32,23.29,0
2014,21,13.3,8.17,19.21,1.17
2014,22,13.65,10.52,18.29,9.72
2014,23,13,8.81,20.08,0.21
2014,24,13.38,6.04,21.91,0
2014,25,13.69,7.17,23.18,0
2014,26,14.54,7.57,24.99,0
2014,27,14.56,7.61,24.84,0
2014,28,14.64,7.74,24.78,0
2014,29,15.7,8.34,24.98,0
2014,30,16.28,10.91,23.84,0
2014,31,15.75,9.45,23.94,0
2014,32,15.5,10.11,22.82,0
2014,33,16.95,11.17,24.28,0.01
2014,34,15.81,10.62,23.95,0.26
2014,35,15.6,8.97,24.28,0.02
2014,36,15.91,10.76,23.21,0.01
2014,37,16.15,10.45,22.79,1.67
2014,38,13.09,8,21.22,0.26
2014,39,11.53,4.54,21.35,0.04
2014,40,11.94,4.54,22.28,0
2014,41,11.8,5.63,18.53,0
2014,42,13.18,8.09,21.14,0
2014,43,12.46,4.49,22.64,0
2014,44,13.67,5.14,23.84,0
2014,45,13.26,6.66,20.73,0.17
2014,46,12.54,6.53,20.61,2.05
2014,47,13.07,7.61,21.07,0
2014,48,13.24,5.94,23.06,0
2014,49,14.67,5.57,24.58,0
2014,50,15.45,5.7,24.47,0
2014,51,16.75,9.2,25.82,0
2014,52,16.46,10.3,25.76,0.15
2014,53,14.91,7.79,23.83,1.56
2014,54,15.38,8.6,24.01,0.61
2014,55,16.48,8.12,25.29,0
2014,56,17.04,8.54,26.17,0
2014,57,18.2,10.72,26.36,0.01
2014,58,16.7,9.47,25.68,0.68
2014,59,17.49,12.08,24.72,0.87
2014,60,15.2,11.9,20.16,1.21
2014,61,16.42,10.47,23.06,0.13
2014,62,16.56,11.47,23.43,0.28
2014,63,17.82,10.72,26.35,0
2014,64,17.74,12.08,24.91,0
2014,65,17.19,9.77,25.87,0
2014,66,18.53,10.51,27.64,0
2014,67,19.71,11.7,28.2,0
2014,68,19.3,16.04,24.21,0.1
2014,69,21.26,13.2,30.82,1.21
2014,70,17.55,10.67,23.82,12.92
2014,71,16.59,9.56,25.51,0
2014,72,19.09,11.78,28.75,0
2014,73,20.49,10,30.32,0
2014,74,22.76,17.75,31.26,0
2014,75,23.64,15.26,33.62,0
2014,76,22.85,17.01,31.73,10.73
2014,77,21.05,13.91,29.57,0.64
2014,78,20.55,12.81,29.72,0
2014,79,22.03,12.74,31.11,0
2014,80,22.89,16.82,32.59,0
2014,81,22.43,13.76,32.17,0.02
2014,82,20.6,17.11,25.27,0.71
2014,83,19.93,15.73,26.2,9.6
2014,84,21.98,13.77,30.93,0
2014,85,22.73,17.05,30.89,0
2014,86,22.71,14.95,31.34,0.14
2014,87,23.05,15.72,31.48,0.24
2014,88,22.32,14.12,31.12,1.03
2014,89,22.85,14.77,32.37,0
2014,90,23.28,13.63,33.73,0
2014,91,25.89,15.4,34.86,0
2014,92,23.73,18.05,30.25,2.94
2014,93,22.46,14.37,30.77,0
2014,94,23.8,17.76,31.1,0.16
2014,95,25.45,17.06,34.03,0.1
2014,96,27.49,19.08,36.53,0.03
2014,97,23.23,17.24,31.32,1.5
2014,98,23.61,14.63,32.94,0.7
2014,99,24.28,15.35,34.03,0
2014,100,25.14,16.19,34.35,0
2014,101,26.48,17.22,37,0
2014,102,26.59,18.77,36.4,0.1
2014,103,26.81,19.89,35.55,0.38
2014,104,26.25,17.22,35.78,0.01
2014,105,27.14,18.41,36.73,0.11
2014,106,27.45,20.75,35.19,0
2014,107,25.96,19.45,33.05,14.74
2014,108,25.8,20.07,31.42,13.98
2014,109,23.01,17.34,29.26,6.61
2014,110,24.44,15.99,32.9,0
2014,111,25.99,17.63,34.51,0
2014,112,26.57,20.19,34.48,0
2014,113,27.45,18.71,36.29,0
2014,114,29.1,20.56,37.84,0
2014,115,28.59,20.67,37.11,8.94
2014,116,29.01,20.68,37.81,0
2014,117,29.11,20.32,38.34,0
2014,118,30.29,20.29,40.48,0
2014,119,31.97,22.95,41.46,0
2014,120,33.42,25.05,42.62,0
2014,121,33.88,24.27,43.43,0
2014,122,34.36,24.66,43.48,0
2014,123,34.18,26.32,42.55,0
2014,124,33.17,25.2,41.64,0
2014,125,32.56,25.42,39.84,0.56
2014,126,32.01,25.33,38.6,0.63
2014,127,32.53,25.5,39.53,0.12
2014,128,32.49,25.14,40.4,1.65
2014,129,31.99,24.35,39.5,0
2014,130,32.26,24.28,40.63,0.04
2014,131,30.58,24.66,37.31,0.98
2014,132,29.52,23.53,35.62,5.82
2014,133,26.39,21.28,32.02,11.47
2014,134,27.14,20.48,34.04,0.16
2014,135,28.92,20.93,36.47,0
2014,136,29.89,22.31,37.07,1.34
2014,137,29.93,23.38,36.62,2.14
2014,138,30.01,22.33,37.39,0.37
2014,139,30.85,23.44,38.01,0
2014,140,31.34,24.19,38.74,0.06
2014,141,32.12,24.84,39.5,0.01
2014,142,33.91,24.76,42.28,0
2014,143,34.71,27.73,42.55,0.2
2014,144,33.02,23.88,40.23,0.07
2014,145,33.54,24.69,41.51,0
2014,146,34.07,25.99,41.06,0
2014,147,35.24,28.14,42.27,0
2014,148,36.84,28.37,44.43,0
2014,149,38.19,29.55,46.08,0
2014,150,37.03,29.42,43.51,0.47
2014,151,36.81,27.51,45.16,0.04
2014,152,36.61,29.24,44.15,0.4
2014,153,35.7,27.53,43.23,0
2014,154,36.43,27.69,44.45,0
2014,155,37.75,29.36,45.37,0
2014,156,39.11,29.59,47.54,0
2014,157,39.6,31,47.42,0
2014,158,39.07,30.64,47.42,0
2014,159,39.45,30.23,47.37,0
2014,160,39.16,30.53,47.42,0
2014,161,39.04,31.62,47.65,0
2014,162,38.93,29.82,47.28,0
2014,163,38.62,30.17,46.18,0
2014,164,38.82,32.78,44.82,0
2014,165,39.16,31.19,45.9,0
2014,166,39.98,32.97,46.27,0
2014,167,40.51,33.62,46.92,0
2014,168,41.4,33.97,47.48,0
2014,169,41.1,35.26,46.58,0.04
2014,170,40.49,34.12,46.49,0
2014,171,40.67,34.32,46.56,0
2014,172,40.36,33.97,45.96,0.31
2014,173,37.75,33.77,42.27,4.63
2014,174,37.13,31.75,42.23,0.08
2014,175,36.43,30.14,41.58,3.48
2014,176,35.18,30.04,40.86,9.51
2014,177,34.72,28.65,40.39,4.6
2014,178,36.12,29.43,42.29,0
2014,179,37.42,31.64,43.78,3.45
2014,180,34.64,28.71,40.15,24.2
2014,181,35.69,28.74,41.99,4.05
2014,182,34.93,29.23,39.88,5.85
2014,183,34.98,30.63,39.48,0.67
2014,184,34.75,30.06,38.68,0.28
2014,185,35.62,29.59,41.02,0.11
2014,186,36.17,29.74,41.79,0
2014,187,35.77,30.34,41.05,0.5
2014,188,36.03,29.42,42.18,0.11
2014,189,36.97,29.99,42.77,0
2014,190,37.92,30.73,44.35,0
2014,191,37.65,30.25,44.29,0.19
2014,192,38.27,30.22,45.3,0
2014,193,38.54,31.32,45.06,0
2014,194,38.96,31.38,45.55,0
2014,195,38.63,33.01,44.56,0
2014,196,38.63,32.29,44.86,0.16
2014,197,35.45,31.2,39.77,12.06
2014,198,33,29.67,36.59,17.17
2014,199,33.41,28.64,38.27,5.75
2014,200,34.62,28.82,39.91,1.57
2014,201,34.84,28.71,40.69,0.16
2014,202,35.36,28.67,41.68,0
2014,203,36.74,30.06,43.06,0
2014,204,35.29,29.22,41.35,7.55
2014,205,33.3,29,37.84,6.97
2014,206,33.75,29.5,38.21,0
2014,207,34.65,28.98,40.22,0
2014,208,34.4,30.27,38.88,6.23
2014,209,33.49,29.6,37.88,8.28
2014,210,32.41,28.6,36.71,9.59
2014,211,32.79,28.54,37.53,0.38
2014,212,33.17,29.1,37.91,12.84
2014,213,33.1,28.28,37.29,8.09
2014,214,34.54,29.74,39.76,0.36
2014,215,35.34,30.1,40.74,0.43
2014,216,36.16,29.96,41.64,0.03
2014,217,36.08,30.65,41.49,0.31
2014,218,35.59,29.38,41.41,0.47
2014,219,35.42,30.01,40.92,0.35
2014,220,33.79,29.21,39.01,7.35
2014,221,33.67,28.82,38.7,2.42
2014,222,34.92,29.07,40.58,0
2014,223,35.94,30.18,41.11,0.1
2014,224,36.22,30.3,41.65,0.09
2014,225,36.23,30.74,41.84,0
2014,226,36.67,30.85,42.79,0
2014,227,35.59,30.73,41.51,4.5
2014,228,31.93,28.05,36.07,9.63
2014,229,31.36,26.02,37.2,0
2014,230,32.33,25.58,39.72,0
2014,231,33.68,26.47,40.45,0
2014,232,35.52,27.14,42.41,0
2014,233,35.1,26.91,42.22,0
2014,234,34.87,26.76,42.1,0.34
2014,235,33.99,26.94,40.96,0.78
2014,236,34.12,27.39,41.45,0
2014,237,34.63,26.9,42,0
2014,238,34.79,28.05,41.58,0.79
2014,239,34.7,28.55,41.41,0.16
2014,240,33.81,27.97,40.24,0.16
2014,241,33.73,27.13,39.97,0
2014,242,34.64,28.5,40.88,0.01
2014,243,35.25,29.54,41.08,0
2014,244,31,27,35.08,20.38
2014,245,29.24,25.29,33.94,3.67
2014,246,27.68,24.78,31.68,21.62
2014,247,26.41,24.89,27.95,136.58
2014,248,26.92,24.84,29.54,60.52
2014,249,26.71,24.61,29.88,29.37
2014,250,27.51,22.93,31.12,0
2014,251,28.27,24.51,32,0
2014,252,28.12,22.96,31.84,0
2014,253,28.85,24.52,32.76,0
2014,254,28.46,23.75,32.79,1.92
2014,255,27.19,23.16,31.4,9.55
2014,256,27.83,23.25,31.62,4.58
2014,257,27.31,23.59,30.92,35.42
2014,258,27.02,23.39,31.01,2
2014,259,27.34,22.12,31.74,0
2014,260,27.44,22.16,32.11,0
2014,261,27.59,22.1,32.29,0
2014,262,27.22,21.98,31.53,0
2014,263,28.39,22.54,33.4,0
2014,264,26.5,20.28,32.22,0.86
2014,265,27.39,20.78,32.55,0
2014,266,27.58,21.83,33,0
2014,267,26.13,20.12,33.05,0
2014,268,26.27,19.46,32.34,0
2014,269,27.08,21.4,32.56,0
2014,270,26.89,21.04,32.66,0
2014,271,27.13,21.45,33.04,0
2014,272,26.64,20.61,32.84,0
2014,273,26.83,20.61,32.9,0
2014,274,26.63,21.16,32.53,0
2014,275,27.78,21.99,33.43,0
2014,276,28.41,22.49,33.58,0
2014,277,28.19,22.34,34.26,0
2014,278,27.99,22.53,33.82,0
2014,279,28.37,23.07,33.75,0
2014,280,27.55,22.99,32.37,2.07
2014,281,25.21,21.17,30.89,1.57
2014,282,24.23,17.86,31.71,0.09
2014,283,25.45,18.41,32.65,0
2014,284,26.04,19.41,32.49,0
2014,285,26.3,19.35,32.84,0
2014,286,24.08,17.68,32.07,0
2014,287,20.99,16.08,27.44,0.53
2014,288,21.23,15.48,28.02,0.02
2014,289,21.88,14.85,28.27,0
2014,290,23.44,17.08,29.8,0
2014,291,22.76,15.93,29.85,0
2014,292,22.56,15.32,29.46,0
2014,293,22.9,16.05,30.93,0
2014,294,24.77,17.33,31.76,0
2014,295,25.56,19.24,32.33,0
2014,296,25.52,19.47,31.36,0
2014,297,24.3,19.11,31.16,0
2014,298,24.1,17.59,30.96,0
2014,299,24.32,19.61,30.01,0
2014,300,23.67,18.02,29.78,0
2014,301,23.62,18.3,29.72,1.51
2014,302,21.92,16.1,29.98,0.92
2014,303,21.36,15.33,29.59,0
2014,304,20.72,14.68,29.26,0
2014,305,20.7,13.36,29.73,0
2014,306,21.86,14.08,30.05,0
2014,307,22.01,16.42,29.65,0.02
2014,308,20.88,15.18,28.39,0
2014,309,21.16,15.14,29.63,0
2014,310,21.97,14.38,29.34,0
2014,311,22.5,18.44,28.74,10.53
2014,312,20.74,14.74,28.45,0.47
2014,313,17.88,11.11,27.56,0
2014,314,17.66,9.37,29.03,0
2014,315,18.48,11.85,27.89,0
2014,316,17.75,11.77,27.91,0
2014,317,16.8,9.3,27.08,0
2014,318,16.63,9.05,27.27,0
2014,319,17.44,10.8,27.25,0
2014,320,18.15,12.59,27.39,0
2014,321,17.97,12.43,27.25,0
2014,322,17.78,11.22,26.7,0
2014,323,17.69,12.92,26.2,0
2014,324,16.71,10.13,25.74,0
2014,325,16.88,12.57,25.86,0
2014,326,16.38,9.96,25.42,0
2014,327,16.47,10.9,25.93,0
2014,328,15.7,8.14,25.95,0
2014,329,16.38,10.01,25.36,0
2014,330,16.91,9.17,26.43,0
2014,331,18.44,12.08,26.01,0
2014,332,17.93,12.64,26.87,0
2014,333,18.46,12.85,27.79,0
2014,334,17.33,10.77,27.31,0
2014,335,17.05,10.23,26.87,0
2014,336,16.87,9.63,27.39,0
2014,337,17.61,11.99,27.56,0
2014,338,18.79,12.18,26.83,0
2014,339,17.81,12.47,26.35,0
2014,340,16.31,9.51,26.86,0
2014,341,16.24,9.43,25.82,0
2014,342,17.3,11.8,25.79,0
2014,343,14.84,8.77,24.95,0
2014,344,13.09,5.97,23.71,0
2014,345,12.66,4.83,23.23,0
2014,346,13.81,8.76,22.5,0
2014,347,12.18,8.27,20.99,0.23
2014,348,12.96,7.57,20.22,0.27
2014,349,13.14,8.85,20.08,0.17
2014,350,11.2,5.34,19.39,0
2014,351,10.7,3.82,19.06,0
2014,352,10.76,5.37,18.88,0
2014,353,10.66,6.73,18.95,0
2014,354,9.91,3.25,20.75,0
2014,355,12.19,5.01,20.82,0
2014,356,12.36,8.86,18.04,0
2014,357,10.91,7.17,18.51,0
2014,358,11.73,6.1,20.5,0
2014,359,11.9,4.76,20.97,0
2014,360,12.29,6.5,22.9,0
2014,361,12.2,3.51,22.77,0
2014,362,12.38,6.76,20.5,0
2014,363,11.53,7.34,19.24,0
2014,364,11.1,4.96,18.98,0
2014,365,12.88,8.43,19,0
2015,1,12.35,6.46,22.4,0
2015,2,13.94,6.6,23.45,0
2015,3,13.88,9.71,21.31,0.09
2015,4,12.55,8.18,20.29,0.03
2015,5,11.44,5.25,20.27,0
2015,6,12.62,6.28,21.72,0
2015,7,12.65,5.63,22.19,0
2015,8,12.85,5,22.69,0
2015,9,12.9,8.24,20.83,0
2015,10,11.09,3.48,21.8,0
2015,11,12.46,4.34,23.79,0
2015,12,14.63,8.71,23.38,0
2015,13,12.2,5.68,21.34,3.48
2015,14,12.46,7.92,19.11,6.21
2015,15,12.35,6.41,20.13,0
2015,16,12.23,5.52,21.37,0
2015,17,12.38,6.09,22.43,0
2015,18,12.49,6.29,21.6,0
2015,19,14.03,7.42,21.89,0
2015,20,13.14,8.83,19.98,0
2015,21,10.09,6.88,15.57,11.07
2015,22,11.33,8.35,16.12,0.49
2015,23,11.76,7.52,18.82,0.08
2015,24,12.04,5.45,19.75,0
2015,25,11.85,5.78,19.43,0
2015,26,11.46,5.46,18.91,0
2015,27,9.95,5.17,17.62,0
2015,28,10.29,4.39,18.45,0
2015,29,11.68,6.11,19.12,0
2015,30,11.28,3.72,21.13,0
2015,31,13.15,5.96,22.42,0
2015,32,13.79,6,21.64,0
2015,33,14.19,8.71,21.8,1.86
2015,34,13.71,10.53,19.26,16.75
2015,35,13.2,6.54,22.55,0.01
2015,36,13.25,5.08,22.77,0
2015,37,14.31,7.64,20.77,0
2015,38,14.22,9.3,21.32,0
2015,39,14.95,9.02,23.13,0
2015,40,14.63,7.22,24.15,0
2015,41,15.19,8.11,24.7,0
2015,42,16.18,9.19,25.59,0
2015,43,15.17,8.24,25.68,0
2015,44,17.27,8.99,25.95,0
2015,45,19.58,12.77,29.15,0
2015,46,18.29,11.79,25.44,0
2015,47,18.32,11.13,29.01,1.26
2015,48,17.78,11.1,26.18,7.24
2015,49,18.43,13.66,25.46,0.11
2015,50,17.98,14.09,25.34,5.78
2015,51,15.56,11.97,21.89,7.25
2015,52,18.54,11.67,27.75,0
2015,53,19.45,11.81,29.92,0
2015,54,19.71,13.73,27.03,0
2015,55,19.14,15.38,26.98,4.49
2015,56,17.04,10.73,25.63,3.74
2015,57,14.06,7.12,23.17,0.01
2015,58,14.23,6.74,22.83,0
2015,59,15.16,8.96,22.06,0.01
2015,60,14.16,11.09,16.25,32.59
2015,61,15.37,12.24,18.85,13.84
2015,62,14.75,9.62,20.78,0.55
2015,63,15.72,8.06,22.43,0.74
2015,64,14.52,10.28,20.49,4.11
2015,65,15.78,9.33,23.58,0
2015,66,13.86,9.56,19.09,3.61
2015,67,14.42,9.02,22.82,1.4
2015,68,13.48,6.82,20.92,0.07
2015,69,15.3,6.76,25.21,0
2015,70,16.69,8.63,25.86,0
2015,71,18.39,10.74,27.71,0
2015,72,19.45,11.31,28.32,0
2015,73,19.84,13.65,27.56,0.12
2015,74,18.04,14.48,22.44,21.76
2015,75,17.17,13.25,21.92,2.68
2015,76,17.01,10.61,24.01,0
2015,77,18.17,10.08,27.03,0
2015,78,20.32,11.5,28.57,0
2015,79,21.39,13.97,29.89,0
2015,80,23.04,16.52,31.01,0
2015,81,23.26,15.19,32.32,0
2015,82,24.55,15.51,34.02,0
2015,83,26.6,18.77,34.73,0.08
2015,84,25.18,18.15,34.47,0.11
2015,85,24.69,17.7,33.94,0
2015,86,24.94,15.76,34.94,0
2015,87,26.72,16.82,36.66,0.3
2015,88,20.78,17.66,23.74,8.92
2015,89,21.54,15.73,27.69,23.17
2015,90,22.22,16.85,28.17,1.93
2015,91,22.06,18.46,27.57,1.3
2015,92,22.95,17.95,29.28,2.18
2015,93,21.36,16.19,27.62,2.2
2015,94,22.94,16.3,28.84,0.66
2015,95,23.08,16.28,30.47,0.3
2015,96,23.22,18.24,29.59,0.23
2015,97,19.56,16.73,22.42,4.5
2015,98,22.24,15.6,29.98,0.03
2015,99,24.09,15.1,32.06,0
2015,100,25.65,17.42,33.26,0
2015,101,26.21,20.07,33.33,0.02
2015,102,24.63,19.73,32.21,1.03
2015,103,26.56,18.2,34.64,0
2015,104,26.73,18.94,34.5,0
2015,105,27.38,19.84,33.66,10.01
2015,106,26.37,20.78,33.24,1.7
2015,107,26.6,19.08,34.3,0
2015,108,29.28,22.02,37.52,0
2015,109,29.65,21.84,38.81,0
2015,110,29.46,21.68,39.08,0.98
2015,111,27.79,19.24,36.92,0
2015,112,28.71,19.27,38.34,0
2015,113,30.58,21.16,39.38,0
2015,114,31.69,23.39,40.18,0
2015,115,31.73,22.88,40.93,0
2015,116,30.13,21.7,38.24,0
2015,117,30.45,22.61,38.79,0.01
2015,118,30.56,22.85,39.17,0.09
2015,119,31.47,24.27,39.81,0.02
2015,120,29.97,23.78,37.72,1.77
2015,121,28.71,20.34,37.6,1.04
2015,122,30.35,21.31,38.35,0
2015,123,30.7,22.28,40.08,0
2015,124,31,20.46,41.08,0
2015,125,32.67,24.26,41.54,0
2015,126,33.72,24.98,42.71,0
2015,127,34.78,26.09,44.24,0
2015,128,34.71,27.05,43.08,0
2015,129,34.56,26.01,42.82,0
2015,130,34.81,27,42.93,0
2015,131,34.32,26.63,41.31,1.27
2015,132,30.9,23.89,37.97,3.18
2015,133,29.78,23.19,35.89,8.06
2015,134,30.33,24.36,35.94,7.03
2015,135,31.75,24.86,38.32,0.2
2015,136,33.45,24.82,40.5,0.03
2015,137,33.99,25.21,40.99,0
2015,138,35.17,27.84,42.58,0.26
2015,139,34.45,26.76,42.93,0
2015,140,34.31,24.73,43.46,0.02
2015,141,35.4,26.02,44.38,0
2015,142,35.78,26.01,44.97,0
2015,143,36.69,28.61,45.31,0
2015,144,37.19,29.2,45.44,0
2015,145,37.62,29.47,45.34,0
2015,146,33.18,24.88,42.04,0
2015,147,33.8,22.93,43.59,0
2015,148,35.83,28,43.48,0
2015,149,35.31,28.18,41.69,0.04
2015,150,35.77,27.32,43.59,0
2015,151,36.36,28.86,43.25,0.49
2015,152,35.35,28.11,41.88,2.47
2015,153,33.05,28.39,39.51,0.06
2015,154,32.96,26.24,40.04,0.06
2015,155,30.17,27.11,34,1.78
2015,156,32.98,26.26,39.03,0
2015,157,34.86,26.82,42.21,0
2015,158,36.62,28.62,43.82,0
2015,159,38.07,29.7,45.69,0
2015,160,38.33,30.11,45.24,0.12
2015,161,37.98,31.15,44.52,0
2015,162,35.8,29.89,41.97,4.17
2015,163,36.19,28.43,43.56,0
2015,164,37.21,30.82,42.73,1.58
2015,165,36.7,30.71,42.57,0.34
2015,166,33.19,29.27,37.04,19.23
2015,167,34.21,27.52,40.46,0
2015,168,35.48,28.5,42.37,0.05
2015,169,36.9,29.03,44.1,0
2015,170,38.28,30.8,45.69,0
2015,171,37.08,30.32,43.91,0
2015,172,37.18,30.89,43.1,1.14
2015,173,37,30.3,43.03,0.09
2015,174,37.6,30.93,43.27,1.05
2015,175,34.22,30.05,37.88,6.13
2015,176,34.42,28.43,40.39,0.67
2015,177,34.86,27.12,41.74,0
2015,178,35.71,27.97,42.46,0
2015,179,37.06,28.59,44.5,0
2015,180,38.06,30.41,44.56,0
2015,181,34.86,30.38,39.1,6.66
2015,182,35.37,28.72,41.33,0
2015,183,35.99,29.63,41.34,0.32
2015,184,36.81,30.7,42.77,1.31
2015,185,37.59,31.04,43.52,0.78
2015,186,39.4,33.15,45.1,0.09
2015,187,36.25,31.96,40.18,6.02
2015,188,32.53,28.49,36.79,29.59
2015,189,33.7,28.77,38.17,0.24
2015,190,35.14,29.18,40.43,2.57
2015,191,34.77,29.34,39.88,7.57
2015,192,31.37,27.65,36.38,16.6
2015,193,31.26,26.43,35.88,7.26
2015,194,32.76,26.86,38.29,0.17
2015,195,34.7,28.13,40.39,0
2015,196,36.23,29.78,42.14,0
2015,197,36.72,30.55,42.41,0.03
2015,198,32.7,28.33,35.9,28.02
2015,199,30.86,27.47,34.32,2.95
2015,200,33.48,27.58,38.96,0.58
2015,201,34.26,28.57,39.88,0.01
2015,202,34.59,28.99,40.17,1.03
2015,203,33.91,28.49,38.51,1.16
2015,204,32.88,28.37,37.57,5.18
2015,205,33.04,28.55,37.5,4.92
2015,206,33.54,29.24,37.41,7.46
2015,207,31.38,28.63,35.02,7.34
2015,208,32.37,27.29,38.1,0.31
2015,209,32.51,27.72,38.62,0.31
2015,210,32.67,26.76,38.41,0
2015,211,33.42,27.95,38.53,0.3
2015,212,32.83,27.79,38.3,2.63
2015,213,31.92,27.62,37.28,2.44
2015,214,29.23,27.29,32.87,12.65
2015,215,31.34,26.29,36.34,1.74
2015,216,33.64,28.26,39.25,0.05
2015,217,34.1,28.82,39.31,5.28
2015,218,34.34,28.44,39.93,3.67
2015,219,35.32,29.4,41.47,0.22
2015,220,35.3,29.74,41.09,0.78
2015,221,34.97,29.59,40.26,0.53
2015,222,34.82,28.93,40.17,0
2015,223,34.56,29.09,40.48,0.32
2015,224,31.78,27.24,36.64,11.36
2015,225,31.97,26.77,36.84,8.64
2015,226,33.3,27.88,38.33,1.11
2015,227,33.45,29.46,37.46,5.18
2015,228,33.04,28.18,37.69,3.06
2015,229,33.76,27.6,39.2,0.42
2015,230,34.12,28.45,39.33,3.84
2015,231,34.21,27.62,40.54,3.29
2015,232,33.55,27.04,39.74,5.02
2015,233,33.16,28.28,38.68,4.27
2015,234,32.07,27.22,37.48,6.93
2015,235,32.82,26.59,38.79,0.13
2015,236,33.25,27.34,39.22,0.1
2015,237,32.97,26.71,39.63,0
2015,238,33.32,26.5,39.88,0
2015,239,34.22,27.2,40.28,0
2015,240,33.08,28.1,37.98,0.84
2015,241,33.41,26.6,40.1,0
2015,242,34.13,28.22,40.25,0
2015,243,32.54,26.11,39.33,0.01
2015,244,33.16,26.33,39.94,0
2015,245,32.82,25.49,40.3,0
2015,246,32.77,25.3,40.04,0
2015,247,32.22,24.81,39.53,0
2015,248,32.53,25.79,38.98,0
2015,249,31.91,24.44,38.61,1.21
2015,250,32.29,24.64,39.39,0
2015,251,32.11,25,39.52,0
2015,252,32.11,25.25,40.33,1.19
2015,253,32.08,24.9,39.84,0
2015,254,32.39,25.29,39.85,0
2015,255,33.68,26.52,40.49,0
2015,256,32.73,24.44,40.41,0
2015,257,33.53,26.52,40.7,0
2015,258,33.7,26.04,40.84,0
2015,259,33.08,26.72,40.86,0
2015,260,31.65,24.21,38.79,3.28
2015,261,32.11,24.53,39.83,0
2015,262,30.9,24.17,39.53,0.34
2015,263,29.72,25.67,35.36,3.15
2015,264,30.57,24.19,37.3,2.22
2015,265,27.75,25.06,31.71,50.7
2015,266,27.27,21.7,32.48,6.53
2015,267,28.67,23.8,34.51,0
2015,268,28.46,22.06,35.38,0.02
2015,269,29.24,21.66,35.8,0.11
2015,270,28.79,22.87,35.25,0.27
2015,271,28.02,21.26,35.52,0.08
2015,272,27.63,21.48,35.45,0.24
2015,273,27.48,19.69,36.52,0
2015,274,28.04,20.08,36.75,0
2015,275,28.38,20.71,37.56,0
2015,276,29.43,21.02,37.54,0
2015,277,29.21,23.94,36.06,0
2015,278,29.14,21.13,36.27,0
2015,279,29.15,23.74,35.81,0
2015,280,29.16,23.62,36.58,0
2015,281,28.64,22.46,36.66,0
2015,282,29.22,22.59,37.11,0
2015,283,29.42,21.73,36.63,0
2015,284,29.37,20.96,36.81,0
2015,285,29.64,23.9,35.8,0
2015,286,29.21,24.17,34.54,0
2015,287,27.77,23.23,33.75,2.7
2015,288,26.94,21.69,32.56,1.45
2015,289,27.58,22.4,33.89,0
2015,290,26.89,21.08,33.48,0
2015,291,27.94,21.7,34.74,0
2015,292,27.26,20.88,34.21,2.23
2015,293,25.66,20.15,33.4,0
2015,294,23.95,17.45,32.25,0
2015,295,23.68,15.95,32.96,0
2015,296,24.45,16.18,32.98,0
2015,297,24.38,20.61,32.52,0.05
2015,298,20.81,17.83,24.01,4.22
2015,299,22.07,15.54,30.38,0.12
2015,300,20.92,14.8,28.66,0
2015,301,21.14,13.99,29.8,0
2015,302,22.06,16.16,29.99,0
2015,303,22.4,15.51,30.1,0
2015,304,22.39,16.94,30.53,0
2015,305,22.31,17.43,30.13,0
2015,306,22.78,17.48,30.15,0
2015,307,22.69,17.23,29.73,0
2015,308,22.52,15.53,29.18,1.05
2015,309,21.64,16.77,29.24,0.11
2015,310,20.43,14.64,28.21,0.2
2015,311,20.14,14.16,28.35,0
2015,312,21.34,16.96,27.58,0
2015,313,20.87,16.51,27.53,0
2015,314,19.11,13.24,27.08,0
2015,315,19.04,12.36,26.92,0
2015,316,20.72,13.18,29.18,0
2015,317,21.57,17.11,27.76,0.1
2015,318,20.73,13.28,29.7,0
2015,319,21.42,15.74,29,0
2015,320,19.81,13.63,28.73,0
2015,321,18.47,10.3,29.02,0
2015,322,19.1,11.76,29.01,0
2015,323,19.94,14.69,27.75,0
2015,324,19.77,14.34,28.01,0
2015,325,18.89,12.49,27.83,0
2015,326,18.52,11.76,27.49,0
2015,327,18.62,12.82,27.1,0
2015,328,18.13,11.03,27.32,0
2015,329,18.19,10.48,28.37,0
2015,330,18.54,13.46,26.85,0
2015,331,17.24,9.38,26.4,0.03
2015,332,18.95,12.7,27.31,0
2015,333,19.72,14.44,26.85,0
2015,334,19.53,15.25,26.3,0
2015,335,18.37,12.72,25.97,0
2015,336,18.33,12.72,26.42,0
2015,337,17.59,11.12,27.69,0
2015,338,18.44,10.05,27.18,0
2015,339,19.63,13.57,26.96,0
2015,340,18.66,12.35,26.26,0
2015,341,18.29,11.19,24.84,0
2015,342,18.6,13.72,25.14,0
2015,343,16.93,11.18,25.59,0
2015,344,16.95,11.35,25.23,1
2015,345,15.32,9.28,22.28,1.26
2015,346,14.23,8.18,22.4,0
2015,347,12.88,6.03,21.69,0
2015,348,12.31,5.77,21.61,0
2015,349,12.77,4.78,23.59,0
2015,350,14.87,9.14,22.89,0
2015,351,14.55,8.85,21.95,0
2015,352,11.91,5.08,21.64,0
2015,353,12.94,5.31,22.29,0
2015,354,13.11,8.54,20.88,0
2015,355,12.7,5.06,20.97,0
2015,356,13.3,8.65,19.31,0
2015,357,11.56,6.7,18.88,0
2015,358,10.32,4.21,20.12,0
2015,359,11.09,3.91,20.89,0
2015,360,12.76,5.51,22.78,0
2015,361,15.48,8.21,25.21,0
2015,362,16.5,8.96,26.14,0
2015,363,16.75,9.49,26.69,0
2015,364,16.43,11.02,25.61,0
2015,365,15.29,7.28,25.07,0
2016,1,16.04,8.25,24.65,0
2016,2,16.38,11.54,24.88,0
2016,3,15.38,7.66,25.42,0
2016,4,16.49,11.45,23.42,0
2016,5,16.08,11.21,24.68,0.05
2016,6,15.12,9.96,22.9,0
2016,7,15.63,9.67,23.64,0
2016,8,15.42,9.25,24.23,0
2016,9,14.24,6.88,23.68,0
2016,10,16.05,8.92,23.69,0
2016,11,16.32,9.74,22.73,0
2016,12,15.91,10.16,23.96,4.91
2016,13,13.71,8.29,22.23,1.62
2016,14,12.96,9.09,19.45,0
2016,15,12.73,7.25,21.14,0
2016,16,12.94,5.43,21.67,0
2016,17,13.98,8.88,20.89,0
2016,18,12.49,6.74,20.1,0
2016,19,12.33,7.05,20.51,0
2016,20,12.48,4.9,22.13,0
2016,21,12.48,4.6,20.63,0
2016,22,12.76,6.31,19.78,0
2016,23,11.89,5.23,20.42,0
2016,24,11.3,4.76,20.39,0
2016,25,11.25,4.11,20.07,0
2016,26,14.09,8.11,21.65,0
2016,27,14.52,8.02,23.37,0
2016,28,15.45,9.49,23.34,0
2016,29,14.18,10.63,20.39,10.07
2016,30,15.11,9.6,23.8,2.83
2016,31,14.25,9.12,23.12,0.02
2016,32,13.79,6.81,22.56,0
2016,33,12.93,5.47,22.28,0
2016,34,13.13,5.06,23.67,0
2016,35,14.57,5.35,24.52,0
2016,36,15.11,7.44,25.75,0
2016,37,16.01,7.21,24.51,0
2016,38,15.74,9.5,23.51,0.05
2016,39,15.15,7.31,23.57,0
2016,40,15.89,8.96,24.29,0
2016,41,15.95,9.83,24.43,0.31
2016,42,12.95,6.34,20.97,0.56
2016,43,13.69,7.37,21.06,0
2016,44,14.77,9.54,22.44,0
2016,45,14.08,7.35,23.33,0
2016,46,13.59,6.02,23.16,0
2016,47,14.9,5.59,24.31,0
2016,48,16.04,8.35,25.67,0
2016,49,18.06,8.56,29,0
2016,50,17.32,14.33,23.49,6.29
2016,51,18.27,12.7,26.4,0.59
2016,52,17.42,8.68,28.74,0
2016,53,18.46,9.18,30.89,0
2016,54,18.87,9.2,32.09,0
2016,55,20.53,8.82,33.03,0
2016,56,20.32,10.16,29.45,0
2016,57,20.26,10.9,29.69,0
2016,58,20.9,12.45,30.14,0
2016,59,21.61,13.12,29.53,0
2016,60,21.79,15.19,30.27,0
2016,61,22.69,15,32.08,0
2016,62,23.68,17.48,31.72,0
2016,63,24.81,17.01,34.24,0
2016,64,24.17,16.68,33.63,0
2016,65,20.51,15.65,30.05,3.41
2016,66,20.1,14.29,27.52,0.33
2016,67,20.8,13.33,28.75,0.1
2016,68,22.16,13.98,30.99,0
2016,69,22.72,16.7,30.99,0
2016,70,25.04,17.68,32.65,0.01
2016,71,23.15,19.59,28.6,8.3
2016,72,19.79,17.01,23.18,6.99
2016,73,19.15,14.87,24.11,5.45
2016,74,20.55,12.9,28.4,0.91
2016,75,20.05,13.45,28.36,0.07
2016,76,20.35,11.19,28.86,0.2
2016,77,21.46,15.74,28.86,2.81
2016,78,22.83,14.74,30.84,0.72
2016,79,25.54,19.75,32.75,0.24
2016,80,22.79,16.54,31.01,2.33
2016,81,21.4,14.35,30.03,0
2016,82,20.89,11,32.74,0
2016,83,23.62,11.93,35.53,0
2016,84,25.13,15.57,33.63,0
2016,85,22.46,16.76,28.14,0.72
2016,86,21.05,13.85,29.51,1.57
2016,87,22.76,13.96,32.79,0
2016,88,24.12,14.91,33.5,0
2016,89,25.36,16.37,34.98,0
2016,90,27.49,19.03,36.44,0
2016,91,28.51,20.37,37.84,0
2016,92,27.4,20.32,34.96,0.01
2016,93,29.04,21.05,38.84,0.02
2016,94,28.32,23.17,36.14,0
2016,95,27.98,20.08,37.08,0
2016,96,26.88,20.1,34.71,0
2016,97,25.82,19.15,32.8,0.49
2016,98,25.34,16.97,34,0
2016,99,26.86,19.55,35.36,0
2016,100,26.21,20.13,33.93,0.32
2016,101,26.4,18.78,34.51,0.01
2016,102,26.57,20.03,33.19,0.28
2016,103,27.14,18.92,36.01,0
2016,104,28.91,19.78,38.49,0
2016,105,30.33,19.82,40.76,0
2016,106,31.55,22.35,41.11,0
2016,107,34.5,25.78,43.42,0
2016,108,33.3,25.36,41.23,0.2
2016,109,30.83,22.19,39.83,0.5
2016,110,31.74,22.98,40.58,0.1
2016,111,30.43,22.67,39.08,0.41
2016,112,30.61,21.66,39.45,0.02
2016,113,30.67,22.6,37.94,0.91
2016,114,28.65,20.62,37.65,0
2016,115,28.73,20,37.78,0
2016,116,29.81,19.96,39.28,0
2016,117,31.19,21.89,39.94,0
2016,118,31.31,21.97,40.52,0
2016,119,31.62,22.66,40.4,0
2016,120,32.53,23.2,41.7,0
2016,121,32.71,22.33,42.78,0
2016,122,34.54,23.97,44.47,0
2016,123,36.02,28.45,45.35,0
2016,124,34.38,27.49,41.73,0.02
2016,125,32.51,25.68,39.43,0.01
2016,126,31.74,24.9,39.68,0.46
2016,127,32.53,24.57,39.83,0.06
2016,128,34.03,25.38,41.51,0
2016,129,36.33,27.86,44.29,0
2016,130,37.42,28.38,44.99,0.06
2016,131,37.51,30.34,44.33,0
2016,132,35.03,28.82,41.53,4.28
2016,133,34.8,27.39,41.88,0
2016,134,36.38,28.29,43.92,0
2016,135,36.44,28.28,43.8,0.07
2016,136,35.63,27.86,43.53,0
2016,137,35.39,26.43,43.53,0
2016,138,36.8,28.21,45.28,0
2016,139,37.93,27.7,47.14,0
2016,140,39.62,30.29,48,0
2016,141,39.08,29.87,47.08,0
2016,142,40.3,30.98,48.09,0
2016,143,40.69,30.68,48.82,0
2016,144,38.32,31.07,44.29,3.43
2016,145,33.24,26.72,39.01,8.49
2016,146,33.13,26.11,39.72,0.07
2016,147,35.89,27.59,43.34,0
2016,148,36.57,28.47,44.3,0.01
2016,149,36.71,28.57,43.91,0
2016,150,37.49,31.39,43.99,6.56
2016,151,33.88,26.99,40.07,3.06
2016,152,35.07,27.43,41.69,0.2
2016,153,37.02,30.18,43.86,0
2016,154,37.49,30.43,44.75,0.05
2016,155,37.46,29.3,44.69,0
2016,156,38.78,30.59,46.23,0
2016,157,39.3,31.64,46.93,0
2016,158,39.22,32.06,46.3,0.05
2016,159,38.82,31.46,46.16,0.21
2016,160,38.36,29.31,46.3,0.01
2016,161,38.73,30.19,45.61,1.3
2016,162,39.29,30.32,45.69,0.03
2016,163,38.82,32.62,44.98,0.96
2016,164,38.64,32.82,44.66,0.02
2016,165,38.49,32.28,44.63,0.53
2016,166,38.61,32.52,44.56,3.76
2016,167,38.48,31.37,44.83,0.8
2016,168,36.97,31.23,42.85,6.87
2016,169,34.65,27.8,40.44,23.08
2016,170,36.76,30.03,42.59,0.01
2016,171,36.71,30.17,42.55,0
2016,172,37.09,30.77,42.06,0.03
2016,173,36.4,30.33,41.33,3.97
2016,174,33.45,30.62,36.11,32.37
2016,175,34.59,28.4,40.56,0.26
2016,176,36.06,29.16,42.44,0
2016,177,37.64,30.38,44.01,0
2016,178,37.4,30.35,43.5,0.15
2016,179,37.14,30.82,41.94,0.55
2016,180,35.06,31.46,38.43,9.5
2016,181,36.29,31.24,41.37,0
2016,182,37.31,30.86,42.69,0
2016,183,37.74,31.85,42.94,2.44
2016,184,34.75,29.35,39.46,18.64
2016,185,32.95,27.87,37.68,3.2
2016,186,35.07,30.11,40.27,0
2016,187,36.07,31.05,40.81,2.37
2016,188,36.32,29.76,41.52,11.6
2016,189,36.68,31.45,41.35,2.38
2016,190,37.67,31.64,42.68,0.25
2016,191,36.53,31.31,41.53,4.82
2016,192,35.33,30.1,40.54,2.63
2016,193,35.3,29.67,40.71,0.06
2016,194,34.06,27.81,39.55,9.69
2016,195,34.92,29.44,39.99,3.43
2016,196,36.35,30.49,42.35,1.13
2016,197,34.14,30.14,37.71,23.4
2016,198,32.87,28.48,36.65,17.57
2016,199,30.8,26.8,35.05,14.96
2016,200,32.93,27.98,36.97,0.74
2016,201,34.21,30.19,38.84,0.01
2016,202,35.27,28.32,41.18,0.02
2016,203,36.64,30.26,42.48,0.02
2016,204,36.34,30.12,42.51,0.92
2016,205,32.14,28.1,34.97,20.4
2016,206,32.8,26.58,37.76,3.03
2016,207,33.81,27.87,39.43,1.21
2016,208,34.45,28.08,40.64,1.02
2016,209,31.21,27.55,35.24,26.87
2016,210,29.35,25.9,32.89,9.27
2016,211,31.76,27.4,36.26,2.25
2016,212,31.95,26.67,36.5,7.26
2016,213,32.43,26.88,37.52,0.8
2016,214,33.69,28.22,38.66,0.28
2016,215,31.71,27.6,36.53,10.94
2016,216,32.49,27.47,37.15,0.4
2016,217,34.48,29.17,39.21,0.34
2016,218,31.93,28.73,36.38,1.88
2016,219,30.41,26.75,34.59,12.51
2016,220,28.13,26.01,29.89,9.19
2016,221,30.46,26.44,34.61,4.88
2016,222,31.89,27.19,36.09,6.21
2016,223,30.89,27.44,34.26,15.02
2016,224,30.64,26.55,34.41,7.73
2016,225,31.72,27.55,36.28,6.45
2016,226,32.83,28.07,37.36,0.17
2016,227,33.22,27.57,38.31,0.15
2016,228,33.05,27.46,38.58,3.18
2016,229,33.16,27.1,38.9,2.25
2016,230,32.79,26.29,38.97,0.14
2016,231,32.51,27.52,37.15,4.91
2016,232,33.51,27.63,39.15,0
2016,233,33.01,27.76,38.47,0.04
2016,234,32.48,27.36,37.11,3.24
2016,235,32.69,27.37,38.05,0.51
2016,236,32.64,27.18,37.81,0.79
2016,237,31.88,27.44,37.19,2.43
2016,238,29.08,26.55,32.17,36.3
2016,239,31.15,25.84,35.96,6.3
2016,240,29.45,26.77,32.18,21.3
2016,241,28.55,26.08,31.25,4.96
2016,242,29.22,25.31,33.47,2.46
2016,243,29.5,24.17,34.1,2.02
2016,244,30.39,25.76,35,0.25
2016,245,30.14,26.06,34.33,5.45
2016,246,30.28,24.38,35.81,0.02
2016,247,30.42,23.9,36.83,0
2016,248,30.46,23.76,37.26,0
2016,249,30.94,23.91,37.89,0.12
2016,250,31.03,24.42,37.31,0.16
2016,251,30.92,24.83,36.92,0
2016,252,31.11,24.84,37.66,0
2016,253,31.17,24.78,38.39,0
2016,254,30.99,23.38,38.15,0.92
2016,255,31.31,24.57,37.84,1.17
2016,256,31.2,24.46,37.58,0.4
2016,257,31.31,24.72,37.51,0.04
2016,258,30.34,24.85,36.5,4.58
2016,259,30.68,24.49,36.77,0
2016,260,31.34,24.58,37.73,0
2016,261,31.93,25.29,38.48,0
2016,262,31.67,24.03,38.58,0
2016,263,31.7,24.77,38,0.01
2016,264,32.1,25.3,38.45,1.19
2016,265,31.62,25.29,38.4,0.05
2016,266,29.29,24.01,34.86,7.71
2016,267,29.37,23.2,35.48,1.8
2016,268,30.82,24.66,36.3,0.16
2016,269,30.52,24.57,36.4,0
2016,270,30.38,23.56,36.72,0.05
2016,271,29.96,23.17,36.72,0
2016,272,30.27,23.64,36.69,0
2016,273,30.09,23.33,36.71,0
2016,274,30.65,24.07,37.65,0
2016,275,30.4,24.31,37.18,0
2016,276,31.52,24.86,38.49,0.01
2016,277,31.57,24.93,37.96,0
2016,278,30.52,23.49,37.58,0
2016,279,30.22,23.47,37.65,0
2016,280,29.49,23.94,36.17,0.33
2016,281,29.85,23.71,36.54,0
2016,282,29.81,23.58,36.97,0
2016,283,29.17,22.83,36.7,0
2016,284,28.32,22.09,35.77,0
2016,285,28.06,20.7,36.33,0
2016,286,28.06,21.5,36.23,0
2016,287,27.39,19.51,36.17,0
2016,288,27.17,20.04,35.55,0
2016,289,27.66,20.98,35.91,0
2016,290,27.8,20.56,35.34,0
2016,291,27.66,20.33,34.98,0
2016,292,27.36,20.22,35.39,0
2016,293,26.73,19.05,34.44,0
2016,294,27.59,20.07,34.81,0
2016,295,27.37,20.67,34.59,0
2016,296,26.53,20.44,33.92,0
2016,297,25.32,18.88,33.89,0
2016,298,25.92,20.33,33.77,0
2016,299,25.17,16.62,33.69,0
2016,300,26.13,19.53,33.51,0
2016,301,24.55,17.28,33.47,0
2016,302,24.27,17.18,33.91,0
2016,303,23.84,14.76,32.69,0
2016,304,20.6,15.99,28.64,0
2016,305,21.97,15.25,30.36,0
2016,306,23.11,15.78,30.19,0
2016,307,21.91,15.15,30.1,0
2016,308,22.06,15.27,30.09,0
2016,309,22.6,16.55,30.63,0
2016,310,22.37,16.84,30.54,0
2016,311,21.94,16.62,28.9,0
2016,312,20.69,13.23,30.53,0
2016,313,20.99,12.41,32.45,0
2016,314,22.05,15.27,31.64,0
2016,315,23.17,16.97,31.73,0
2016,316,20.95,13.72,30.17,0
2016,317,20.45,13.61,29.36,0.27
2016,318,20.53,13.37,29.27,0.9
2016,319,19.43,14.17,28.57,0
2016,320,19.05,12.98,27.58,0
2016,321,18.76,13.5,27.84,0
2016,322,18.17,10.71,29.48,0
2016,323,18.51,11.31,28.86,0
2016,324,21.11,14.66,30.3,0
2016,325,19.43,12.26,28.6,0
2016,326,20.69,12.74,30.06,0
2016,327,21.19,16.92,29.44,0
2016,328,20.12,14.65,28.07,0
2016,329,19.89,14.02,28.5,0
2016,330,20.76,13.39,30.85,0
2016,331,21.29,14.64,31.1,0
2016,332,20.41,12.98,31.13,0
2016,333,19.33,10.73,31.25,0
2016,334,22.22,16.32,30.59,0
2016,335,20.45,12.85,28.31,0
2016,336,19.29,14.24,27.58,0
2016,337,17.84,10.64,28.32,0
2016,338,19.09,11.26,28.41,0
2016,339,19.57,13.39,27.66,0
2016,340,19.19,12.57,27.68,0
2016,341,19.88,13.81,28.45,0
2016,342,20.82,15.17,28.77,0
2016,343,18.88,12.15,27.06,0
2016,344,18.52,11.54,27.17,0
2016,345,18.31,10.07,27.96,0
2016,346,18.93,13.19,26.94,0
2016,347,17.69,12,24.58,0
2016,348,16.92,12.4,24.67,0
2016,349,16.27,9.35,25.87,0
2016,350,16.52,8.17,25.16,0
2016,351,16.5,11.29,22.61,0
2016,352,15.23,8.38,23.57,0
2016,353,16.24,9.84,25.19,0
2016,354,16.33,10.86,26.06,0
2016,355,16.1,8.66,27.36,0
2016,356,15.45,7.22,28.05,0
2016,357,17.15,9.51,28.68,0
2016,358,18.69,12.28,27.15,0
2016,359,17.59,12.37,25.5,0
2016,360,15.07,9.55,24.12,0
2016,361,14.17,6.22,25.57,0.01
2016,362,16.69,9.44,24.94,0
2016,363,18.08,11.98,25.99,0
2016,364,18.11,9.91,26.12,0
2016,365,14.39,7.78,23.18,0
2016,366,13.87,7.8,21.36,0
2017,1,14.8,8.98,21.73,0
2017,2,15.59,10.61,23.38,0
2017,3,15.58,11.43,22.37,0.01
2017,4,16.3,10.99,23.3,0.04
2017,5,16.86,11.59,24.6,0.16
2017,6,14.94,9.9,19.84,1.99
2017,7,13.54,8.47,20,1.02
2017,8,11.93,7.42,18.4,0.23
2017,9,9.5,3.19,18.37,0
2017,10,8.73,1.43,18.71,0
2017,11,9.43,1.85,19.91,0
2017,12,10.44,2.22,19.02,0
2017,13,10.96,6.01,18.76,0
2017,14,8.69,6.38,13.03,0.05
2017,15,10.7,6.62,18.12,9.15
2017,16,10.55,6.36,17.07,3.37
2017,17,10.63,5.47,17.54,0.05
2017,18,10.99,5.16,19.1,0.05
2017,19,9.87,3.64,18.15,0
2017,20,10.71,2.31,22.1,0
2017,21,11.63,6.73,18.44,0
2017,22,13.64,8.25,22.61,0.08
2017,23,13.83,7.13,23.11,0
2017,24,13.08,8.5,19.88,0.72
2017,25,12.41,11.1,14.67,16.68
2017,26,11.28,9.34,13.37,20.43
2017,27,12.78,7.09,19.98,0.47
2017,28,13.91,7.29,21.38,0
2017,29,15.26,10.49,23.9,0
2017,30,15.76,9.52,23.66,0.29
2017,31,15.57,10.81,22.96,0.55
2017,32,15.12,6.85,23.71,0
2017,33,15.56,11.78,21.52,0
2017,34,14.08,9.54,20.38,0
2017,35,16.26,9.12,24.72,4.31
2017,36,14.95,8.97,22.36,3.15
2017,37,12.23,5.58,20.23,0.04
2017,38,13.82,7,22.01,0
2017,39,15.88,9.36,23.36,0
2017,40,14.37,7.02,23.04,0
2017,41,14.01,5.41,23.96,0
2017,42,15.59,7.8,24.78,0
2017,43,16.15,10.01,24.16,0
2017,44,15.71,8.12,25.4,0
2017,45,15.64,6.28,26.93,0
2017,46,19.46,11.07,28.53,0
2017,47,20.87,15.7,28.64,0
2017,48,20.6,14.21,28.46,0
2017,49,19.73,13.95,27.43,0
2017,50,21.72,15.26,29.54,0.07
2017,51,20.1,14.69,28.29,0.32
2017,52,18.29,12.36,26.8,0.19
2017,53,16.73,10.32,25.9,0.02
2017,54,15.89,7.6,26.53,0
2017,55,16.52,7.14,27.43,0
2017,56,17.19,9.11,27.39,0
2017,57,18.5,9.47,29.49,0
2017,58,19.97,10.77,28.95,0
2017,59,19.87,14.37,27.46,0.01
2017,60,18.97,11.27,27.8,0.56
2017,61,18.22,11.85,26.84,0
2017,62,17.38,9.98,26.5,0
2017,63,17.76,10.51,26.92,0
2017,64,17.82,9.4,27.93,0
2017,65,19.55,10.56,28.24,0
2017,66,18.45,14.59,23.54,0.46
2017,67,18.23,13.67,24.36,3
2017,68,16.72,11.24,25.02,9.82
2017,69,15.54,9.38,23.18,3.15
2017,70,16.27,9.65,23.64,0
2017,71,16.67,10.65,23.67,0.21
2017,72,16.93,9.16,25.4,0
2017,73,18.29,9.61,26.63,0
2017,74,17.72,11.65,26.23,0
2017,75,19.1,12.54,26.65,0.01
2017,76,21.07,14.69,28.3,0
2017,77,22.04,14.05,30.78,0
2017,78,22.68,16.22,30.76,0
2017,79,24.31,15.05,32.81,0
2017,80,25.28,16.82,34.57,0
2017,81,25.03,18.91,32.68,0
2017,82,24.59,17.12,33.84,0
2017,83,24.68,15.77,34.79,0
2017,84,25.91,17,35.49,0
2017,85,27.44,18.14,37.67,0
2017,86,29.49,20.64,39.16,0
2017,87,30.22,23.27,39.15,0
2017,88,29.88,22.92,38.72,0
2017,89,29.62,20.36,38.92,0
2017,90,30.97,22.54,39.67,0
2017,91,29.92,22.25,39.28,0
2017,92,29.27,19.43,39.35,0
2017,93,30.74,20.52,39.35,0.08
2017,94,29.22,22.95,35.8,0.99
2017,95,28.04,21.34,36.13,11.77
2017,96,25.06,19.14,32.21,0.38
2017,97,24.16,16.91,32.56,0
2017,98,22.76,15.29,31.95,0.04
2017,99,22.55,12.82,32.72,0
2017,100,24.73,15,35.3,0
2017,101,26.71,15.97,38.08,0
2017,102,28.78,18.37,40.38,0
2017,103,30.14,19.88,39.86,0
2017,104,32.23,23.93,41.84,0
2017,105,32.27,23.06,42.53,0
2017,106,33.21,22,44.79,0
2017,107,34.94,24.78,44.07,0
2017,108,35.21,24.63,45.49,0
2017,109,35.38,25.89,45.09,0
2017,110,36.33,26.54,45.79,0
2017,111,35.84,26.69,44.84,0.45
2017,112,32.99,25.34,41.44,7.45
2017,113,28.54,21.79,36.71,7.01
2017,114,27.75,20.81,35.74,0.04
2017,115,28.91,20.29,37.62,0
2017,116,30.3,22.92,38.19,0
2017,117,31.29,22.46,39.5,0.49
2017,118,32.57,24.8,40.38,0
2017,119,32.27,24.29,39.2,0.16
2017,120,30.87,23.38,38.78,1.17
2017,121,31.71,25.25,39.41,0.02
2017,122,30.9,23.32,37.85,0
2017,123,28.17,25.1,32.71,0
2017,124,30.47,21.65,39.09,0
2017,125,33.15,24.17,41.87,0
2017,126,34.62,25.12,43.39,0
2017,127,36,27.1,44.71,0
2017,128,36.09,27.34,45.04,0
2017,129,36.88,28.55,45.25,0
2017,130,36.01,27.56,43.69,0
2017,131,35.63,28.1,42.64,0.01
2017,132,35.44,27.7,42.39,0
2017,133,36.66,29.2,44.32,0.01
2017,134,37.14,29.99,44.09,0
2017,135,37.47,29.51,44.78,0.14
2017,136,35.11,29,41.19,1.69
2017,137,34.35,28.37,40.16,0.69
2017,138,35.04,27.9,41.73,0
2017,139,36.75,30.08,43.13,0
2017,140,36.47,29.81,42.55,1.48
2017,141,32.5,27.15,37.44,15.8
2017,142,31.4,24.62,37.44,0.54
2017,143,33.79,26.68,40.45,0
2017,144,36,29.77,41.92,0
2017,145,36.83,29.12,43.83,0
2017,146,38.17,29.56,46.42,0
2017,147,38.94,29.8,46.27,0.01
2017,148,37.32,28.56,44.73,0
2017,149,36.57,27.8,44.19,0.97
2017,150,36,27.87,42.47,0.04
2017,151,35.77,30.65,40.83,2.49
2017,152,34.39,26.6,41.74,0.05
2017,153,36.02,27.68,43.66,0
2017,154,38.57,29.13,47,0
2017,155,40.17,30.72,49.07,0
2017,156,39.92,31.76,47.18,0
2017,157,39.88,34.16,45.99,0
2017,158,36.05,31.14,39.94,8.15
2017,159,34.22,28.67,40.12,3.12
2017,160,31.72,26.78,35.97,20.93
2017,161,34.31,27.7,40.43,0.01
2017,162,34.06,28.38,39.68,4.04
2017,163,33.56,26.34,40.86,0
2017,164,35.72,27.94,42.96,0
2017,165,37.72,31.13,43.67,0.03
2017,166,36.76,30.56,42.32,1.41
2017,167,36.93,30.32,42.74,2.57
2017,168,36.72,30.58,42.37,0.98
2017,169,34.95,31.03,39.53,16.92
2017,170,36.15,29.97,41.66,2.37
2017,171,33.97,29.77,38.29,12.09
2017,172,30.06,27.73,32.11,19.81
2017,173,31.84,26.29,36.92,0.41
2017,174,33.29,27.86,39.13,0.23
2017,175,34.68,27.67,40.98,0
2017,176,35.73,28.77,41.89,0
2017,177,36.65,29.63,42.79,0.04
2017,178,36.19,30.78,41.33,2.22
2017,179,32.88,28.55,35.69,18.94
2017,180,29.18,26.99,32.82,27.5
2017,181,30.93,25.81,36.23,3.31
2017,182,33.14,27.91,38.03,0.19
2017,183,35.03,28.93,40.43,1.46
2017,184,34.51,28.81,39.33,6.13
2017,185,36.27,29.38,41.85,1.55
2017,186,36.03,30.01,41.46,2.77
2017,187,36.15,30.81,42.01,0.18
2017,188,32.97,26.97,37.81,5
2017,189,34.9,29.1,40.67,0
2017,190,36.09,30.32,41.47,0.57
2017,191,36.61,30.6,42.44,0.16
2017,192,34.43,30.4,38.73,14.65
2017,193,30.83,27.95,34.58,29.04
2017,194,31.91,27.4,36,2.89
2017,195,33.61,28.58,38.42,0.27
2017,196,34.59,29.1,39.76,0.23
2017,197,34.12,29.17,38.55,2.66
2017,198,34.51,29.44,39.28,1.66
2017,199,32.32,29.64,35.04,12.04
2017,200,33.48,28.69,38.58,0.16
2017,201,34.19,29.08,39.21,0.02
2017,202,33.81,28.69,38.66,3.13
2017,203,33.2,28.48,37.92,3.06
2017,204,32.29,28.12,35.98,3.35
2017,205,32.85,28.66,37.38,1.37
2017,206,33.55,27.96,39.09,1.54
2017,207,33.37,28.14,38.35,1.34
2017,208,33.81,28.61,38.97,8.28
2017,209,31.83,28.33,35.69,21.3
2017,210,31.96,27.19,37.24,5.54
2017,211,31.7,28.05,35.62,3.89
2017,212,32.02,27.44,37,3.41
2017,213,31.35,27.62,35.86,18.31
2017,214,32.55,27.76,37.17,5.09
2017,215,33.62,28.07,39.36,0.35
2017,216,34.31,27.94,40.68,0.39
2017,217,34.48,28.96,40.15,1.35
2017,218,34.08,28.54,39.39,2.76
2017,219,33.68,28.53,38.98,4.03
2017,220,33.44,27.16,39.55,2.44
2017,221,34.01,28.12,39.44,6
2017,222,35.1,28.95,41.38,1.04
2017,223,35.24,29.49,41.3,0.17
2017,224,35.23,29.31,41.5,0.28
2017,225,34.16,29.94,39.17,7
2017,226,32.01,27.42,36.58,3.26
2017,227,32.47,26.77,38.17,0.9
2017,228,33.47,27.91,40.52,0
2017,229,33.53,26.33,40.76,0
2017,230,34.07,27.21,41.7,0
2017,231,33.73,26.9,41.03,0.42
2017,232,31.97,26.89,37.62,3.57
2017,233,32.67,27.3,38.2,1.19
2017,234,33.13,27.35,39.16,0.44
2017,235,33.07,27.75,38.62,1.28
2017,236,32.97,27.62,38.61,2.06
2017,237,32.33,28.58,36.31,16.09
2017,238,31.85,27.4,37.1,5.28
2017,239,32.18,26.67,38.88,0.61
2017,240,31.69,25.58,38.38,0
2017,241,30.9,26.22,36.14,1.81
2017,242,31.11,26.52,36.16,4.79
2017,243,30.8,27.54,33.95,17.87
2017,244,30.11,26.95,34.15,11.68
2017,245,30.51,25.93,34.85,3.19
2017,246,31.32,26.63,35.86,0.36
2017,247,30.73,25.87,35.6,6.86
2017,248,31.82,26.3,37.39,0.5
2017,249,31.81,26.31,37.48,2.03
2017,250,31.08,25.94,35.9,8.52
2017,251,31.35,25.04,37.57,0
2017,252,31.64,25.39,38.08,0.05
2017,253,31.8,25.19,38.05,0
2017,254,31.43,25.58,38.04,0.01
2017,255,31.35,25.94,37.74,0
2017,256,31.42,25.39,37.55,0
2017,257,30.97,25.79,37.49,1.48
2017,258,30.44,24.14,37.84,0
2017,259,30.67,23.43,38.75,0
2017,260,30.56,24.02,39.18,0
2017,261,30.5,21.66,39.35,0
2017,262,31.46,23.5,39.11,0
2017,263,31.31,24.52,38.6,0
2017,264,31.5,24.66,38.48,0
2017,265,30.41,22.11,37.41,0.01
2017,266,28.86,23.18,35.27,0.8
2017,267,28.4,20.1,36.45,0.08
2017,268,30.05,23.47,37.46,0
2017,269,30.57,24.08,37.83,0
2017,270,30.88,24.02,37.78,0.02
2017,271,31.08,24.45,38.43,0
2017,272,30.74,23.95,38.64,0
2017,273,30.38,22.56,38.72,0
2017,274,30.43,22.26,38.55,0
2017,275,30.42,23.42,39.41,0
2017,276,30.1,23.01,37.99,0
2017,277,29.58,20.97,37.28,0
2017,278,29.27,22.42,37.2,0
2017,279,28.96,22.78,37.28,0
2017,280,29.46,22.82,37.76,0
2017,281,30.13,22.55,37.66,0
2017,282,29.62,21.34,37.77,0
2017,283,29.07,21.46,36.32,0
2017,284,29.5,22.44,36.73,0
2017,285,28.55,22.27,37.14,0
2017,286,28.59,22.41,37.33,0
2017,287,28.34,20.43,37.22,0
2017,288,28.22,21.12,36.68,0
2017,289,27.84,20.24,37.51,0
2017,290,27.17,19.37,37.28,0
2017,291,27.35,20.86,36.31,0
2017,292,27.7,18.19,36.44,0
2017,293,27.6,19.5,36.66,0
2017,294,27.07,20.2,35.96,0
2017,295,27.32,18.86,35.19,0
2017,296,25.04,17.61,33.38,0
2017,297,25.38,17.54,34.69,0
2017,298,25.71,16.68,35.24,0
2017,299,24.47,16.7,33.1,0
2017,300,23.09,15.02,31.77,0
2017,301,23.95,18.1,32.2,0
2017,302,23.21,16.69,31.75,0
2017,303,22.8,16.25,29.67,0
2017,304,22.62,16.85,31.37,0
2017,305,21.25,14.7,28.59,0
2017,306,22.79,17.21,29.83,0
2017,307,22.68,16.9,29.84,0
2017,308,22.45,17.91,29.11,0
2017,309,21.58,15.54,28.18,0
2017,310,21.99,16.08,28.85,0
2017,311,22.31,16.4,29.5,0
2017,312,22.03,16.77,29.12,0
2017,313,22,16.76,29.7,0
2017,314,21.46,16.75,28.59,0
2017,315,21.49,16.72,29.24,0
2017,316,19.93,13.45,28.93,0
2017,317,20.43,15.36,28.11,0
2017,318,19.17,12.86,25.8,1.6
2017,319,18.65,12.58,25.98,0.75
2017,320,18.01,12.11,25.77,0.43
2017,321,17.57,11.99,25.43,0.5
2017,322,17.07,10.73,25.59,0.1
2017,323,17.08,10.12,25.3,0
2017,324,17.23,11,26.22,0
2017,325,16.75,10.1,26.67,0
2017,326,16.03,8.62,26.42,0
2017,327,17.63,10.57,26.92,0
2017,328,17.27,10.9,27.36,0
2017,329,17.63,10.15,27.54,0
2017,330,18.16,13.45,26.42,0
2017,331,17.73,10.6,27.29,0
2017,332,18.91,12.64,27.23,0
2017,333,18.65,12.3,27.42,0
2017,334,18.04,11.08,27.55,0
2017,335,18.35,12.13,27.01,0
2017,336,18.93,13.53,26.44,0
2017,337,17.76,12.29,25.69,0
2017,338,16.22,11.13,24.84,0
2017,339,14.83,8.63,25.33,0
2017,340,14.16,6.82,25.05,0
2017,341,14.11,6.1,25.33,0
2017,342,15.01,8.03,26.13,0
2017,343,15.91,8.19,24.87,0
2017,344,16.24,11.12,24.57,0
2017,345,11.39,8.84,14.04,14.92
2017,346,14.02,9.74,19.47,1.39
2017,347,12.16,7.94,18.82,0.09
2017,348,10.69,5.62,17.87,0
2017,349,10.39,4.23,19.68,0
2017,350,10.93,3.83,22.17,0
2017,351,11.87,3.52,23.72,0
2017,352,13.48,5.87,25.47,0
2017,353,14.79,6.76,26.51,0
2017,354,16.56,9.77,26.78,0
2017,355,16.53,10.53,26.14,0
2017,356,15.27,8.98,25.63,0
2017,357,13.66,6.52,23.02,0
2017,358,13.53,9.58,21.74,0
2017,359,12.89,5.27,23.37,0
2017,360,15.21,8.3,23.3,0
2017,361,17.64,12.08,24.3,0
2017,362,16.13,11.06,24.99,0
2017,363,13.81,6.37,24.76,0
2017,364,14.11,7.06,23.57,0
2017,365,15.35,10.49,22.49,0
2018,1,14.62,8.26,21.92,0
2018,2,14.06,7.96,21.72,0
2018,3,12.73,6.46,20.24,0
2018,4,12.34,6.16,21.07,0
2018,5,11.82,5.33,20.77,0
2018,6,11.28,4.93,20.79,0
2018,7,10.91,4,20.7,0
2018,8,12.39,4.8,21.38,0
2018,9,12.65,6.4,23.1,0
2018,10,12.18,4.53,23.67,0
2018,11,14.35,5.97,24.21,0
2018,12,15.59,9.83,24.55,0
2018,13,15.43,9.16,23.67,0
2018,14,14.63,9.89,23.47,0
2018,15,13.06,5.57,24.4,0
2018,16,13.65,5.82,25.23,0
2018,17,14.27,5.9,24.22,0
2018,18,15.66,9.95,25.4,0
2018,19,13.81,8.94,23.67,0
2018,20,13.45,5.15,26.11,0
2018,21,13.8,6.06,24.39,0
2018,22,14.33,6.81,22.64,0
2018,23,8.63,5.13,14.83,6.63
2018,24,10.3,5.13,18.48,1.17
2018,25,11.42,4.24,19.21,0
2018,26,13.14,6.05,21.44,0
2018,27,13.2,7.07,20.74,0
2018,28,14.71,8.15,22.15,0
2018,29,15.75,9.98,23.51,0
2018,30,15.62,9.05,25.66,0
2018,31,16.14,9.2,24.82,0
2018,32,17.28,12.07,26.45,0
2018,33,14.63,7.31,24.2,0
2018,34,14.5,8,24.61,0
2018,35,13.34,5.28,24.78,0
2018,36,14.18,4.94,24.86,0
2018,37,13.34,6.29,24.41,0
2018,38,13.66,6.11,24.93,0
2018,39,14.07,6.41,23.98,0
2018,40,15.54,7.97,24.38,0
2018,41,16.36,9.35,25.7,0
2018,42,14.63,10.28,23.84,12.9
2018,43,13.3,9.42,18.7,10.76
2018,44,13.19,7.7,21.64,0.78
2018,45,14.6,7.23,23.38,0
2018,46,15.55,8.98,23.97,0
2018,47,17.29,9.74,25.87,0
2018,48,18.11,10.64,28.44,0
2018,49,17.36,7.87,27.44,0
2018,50,19.77,13.38,28.34,0
2018,51,20.36,13.4,29.46,0
2018,52,20.48,13.29,29.73,0
2018,53,19.58,13.34,28.36,0
2018,54,19.62,12.36,30.25,0.38
2018,55,19.32,12.62,28.74,1.95
2018,56,18.66,11.52,27.89,0
2018,57,19.28,11.15,26.77,0
2018,58,21.76,16.77,30,0
2018,59,21.73,14.4,30.56,0
2018,60,22.33,16.67,29.3,1.44
2018,61,22.43,15.25,30.38,0.16
2018,62,19.76,15.36,24.9,0.66
2018,63,20.2,13.91,28.19,0.01
2018,64,20.61,13.64,29.28,0
2018,65,19.92,11.86,29.66,0
2018,66,21.41,12.56,31.04,0
2018,67,23.21,14.58,31.52,0
2018,68,22.59,16.17,31.08,0
2018,69,22.31,14.41,32.09,0
2018,70,22.75,14.08,31.83,0
2018,71,25.2,16.62,34.29,0
2018,72,26.36,19.09,34.94,0
2018,73,24.52,16.32,34.57,0
2018,74,23.4,16.35,32.44,0.37
2018,75,22.96,16.38,31.11,0.03
2018,76,22.34,13.47,31.69,0
2018,77,22.91,14.24,32.77,0
2018,78,24.57,16.8,34.02,0
2018,79,23.71,16.89,34.08,4.99
2018,80,21.92,17.08,29.49,0.69
2018,81,22.06,15.7,29.19,0.47
2018,82,23.36,14.67,31.37,0
2018,83,24.5,16.13,33.44,0
2018,84,24.9,16.12,35.2,0
2018,85,26.46,15.71,36.52,0
2018,86,28.2,19.01,37.81,0
2018,87,27.53,19.78,37.56,0
2018,88,27.98,18.23,38.49,0
2018,89,28.45,17.57,40.66,0
2018,90,28.89,18.49,39.97,0
2018,91,27.11,16.6,36.52,0
2018,92,28.35,18.2,36.27,0
2018,93,28.42,21.51,36.26,0
2018,94,30.02,21.62,39,0.01
2018,95,29.83,22.13,37.51,0.42
2018,96,30.59,24.43,38.59,0.02
2018,97,30.78,24.08,37.68,0.03
2018,98,29.5,21.82,37.67,1.62
2018,99,28.94,21.83,37.24,3.61
2018,100,24.85,21.5,28.98,1.06
2018,101,25.2,20.46,31.56,5.89
2018,102,25.58,19.1,33.45,0
2018,103,26.43,16.02,36.13,0
2018,104,28.44,20.34,37.02,0
2018,105,30.14,21.69,38.82,0
2018,106,29.32,23.77,37.21,0.49
2018,107,28.18,21.03,36.54,0.18
2018,108,29.53,21.05,37.82,0
2018,109,28.74,22.1,37.11,0.03
2018,110,24.64,17.39,29.99,3.91
2018,111,23.59,15.35,31.99,0
2018,112,24.98,14.72,34.71,0
2018,113,28.12,17.53,38.58,0
2018,114,30.66,20.02,41.5,0
2018,115,33.29,24.38,42.5,0
2018,116,33.05,24.54,41.6,0
2018,117,33.7,25.5,42.01,0.01
2018,118,33.86,25.44,42.58,0
2018,119,34.27,25.48,43.2,0.01
2018,120,34.97,24.71,44.68,0
2018,121,35.32,25.92,44.71,0
2018,122,34.88,25.44,43.9,0.05
2018,123,33.67,26.09,40.77,0.9
2018,124,33.64,26.19,40.32,0
2018,125,34.27,26.89,41.71,1.23
2018,126,31.12,23.84,38.97,2.18
2018,127,30.72,25.06,37.75,1.03
2018,128,29.47,23.14,36.69,0.26
2018,129,30.98,23.88,38.08,0.04
2018,130,32.78,24.15,41.11,0.01
2018,131,35.34,25.04,43.94,0
2018,132,36.79,28.26,44.88,0.48
2018,133,34.58,27.58,42.31,0.61
2018,134,33.04,25.68,40.33,0.11
2018,135,33.11,26.06,40.28,0.07
2018,136,33.3,27.29,40.26,0.92
2018,137,33.94,25.84,41.36,0.01
2018,138,33.63,27.58,40.28,0.16
2018,139,33.72,26.45,40.9,0
2018,140,33.86,25.7,41.69,0.39
2018,141,34.54,26.07,42.28,0
2018,142,34.91,26.6,42.93,0
2018,143,34.73,25.1,43.54,0
2018,144,34.87,25.6,43.18,0
2018,145,35.84,26.07,45.07,0
2018,146,36.64,27.41,45.58,0
2018,147,36.48,27.21,45.56,0
2018,148,37.44,28.26,46.17,0
2018,149,38.76,30.9,47.15,0
2018,150,37.34,28.17,45.64,0
2018,151,38.47,27.96,46.24,0
2018,152,38.93,29.72,46.92,0
2018,153,37.57,28.89,44.61,0.07
2018,154,38.54,29.02,45.62,0
2018,155,38.36,30.12,45.39,0
2018,156,38.87,32.07,44.91,3.43
2018,157,35.36,31.36,39.65,14.39
2018,158,36.82,29.37,42.97,0
2018,159,38.1,32.41,43.81,0.57
2018,160,35.73,30.78,40.58,5.15
2018,161,35.18,29.93,40.37,2.56
2018,162,36.4,29.73,43.31,0
2018,163,38.1,29.3,45.87,0
2018,164,38.97,29.61,46.67,0.01
2018,165,38.43,31.48,45.11,0
2018,166,37.72,32.75,43.24,0.08
2018,167,36.26,32.7,39.94,4.17
2018,168,33.34,29.32,37.29,4.28
2018,169,32.45,27.77,37.83,1.29
2018,170,34.18,27.08,40.84,0
2018,171,36.56,30.53,42.96,0.33
2018,172,37.33,31,43.73,0.34
2018,173,37.87,30.55,44.55,0
2018,174,37.43,31.51,43.67,0.82
2018,175,37.8,30.49,44.39,0
2018,176,38.56,31.8,45.49,0.01
2018,177,38.63,31.86,44.64,0
2018,178,33.46,29.49,35.54,16.55
2018,179,28.61,26.46,30.05,11.04
2018,180,29.98,25.48,34.52,17.02
2018,181,31.25,26.85,35.99,8.9
2018,182,34.35,28.43,39.76,0.47
2018,183,35.03,29.82,40.74,15.88
2018,184,30.94,27.37,34.67,98.47
2018,185,30.8,28.03,34.18,6.58
2018,186,30.5,26.5,33.91,0.22
2018,187,31.83,26,37.58,0
2018,188,33.01,25.79,39.26,0
2018,189,34.23,27.38,40.28,0
2018,190,35.06,28,41.4,0.46
2018,191,34.59,27.86,40.72,3.63
2018,192,33.79,28.59,38.38,6.09
2018,193,34.44,28.88,39.68,7.82
2018,194,33.7,28.51,38.44,8.7
2018,195,32.96,27.85,38,0.61
2018,196,33.55,28.13,38.8,0.67
2018,197,33.29,28.81,37.88,4.91
2018,198,31.93,27.81,36.34,5.23
2018,199,32.01,27.37,36.34,0.57
2018,200,32.58,27.71,36.28,12.11
2018,201,32.86,28.93,36.91,11.13
2018,202,32.55,27.99,37.2,4.57
2018,203,31.82,28.05,35.81,6.25
2018,204,30.7,27.18,33.98,12.84
2018,205,32,27.6,35.57,4.15
2018,206,32.86,28.96,36.78,9.61
2018,207,31.44,27.62,35.99,20.11
2018,208,30.76,26.22,35.44,8.22
2018,209,29.57,26.52,32.75,3.46
2018,210,31.61,26.33,36.5,2.89
2018,211,32.54,27.56,37.56,0.32
2018,212,32.83,27.27,38.58,0.45
2018,213,32.46,26.29,38.74,0.73
2018,214,32.64,26.67,39.3,0.05
2018,215,32.7,26.2,39.81,0.05
2018,216,33.45,27.27,39.56,0.97
2018,217,33.74,28.05,40.05,0.13
2018,218,31.02,27.61,35.48,5.77
2018,219,29.7,26.12,34.28,4.84
2018,220,30.83,25.95,36.17,1.64
2018,221,32.22,27.11,36.78,1.88
2018,222,33.54,28.24,38.39,0.2
2018,223,33.98,28.45,39.11,1.23
2018,224,33.2,28.91,38.45,9.11
2018,225,31.58,26.8,36.66,6.27
2018,226,31.24,26.8,36.36,9.01
2018,227,32.41,27.58,37.11,1.34
2018,228,32.91,27.67,37.76,0
2018,229,33.55,27.96,38.87,0.17
2018,230,33.05,27.58,37.96,1.18
2018,231,33.92,28.47,38.84,0.07
2018,232,34.6,28.57,39.79,2.68
2018,233,33.4,28.89,38.1,4.05
2018,234,33.72,28.19,38.83,6.15
2018,235,34.21,29.3,38.8,2.79
2018,236,33.75,27.5,39.88,0.89
2018,237,34.15,28,40.02,0.45
2018,238,32.83,27.64,38.38,2.25
2018,239,33.15,27.79,39.62,0
2018,240,33.22,27.21,39.54,0
2018,241,33.32,27.43,39.42,1
2018,242,33.72,27.07,40.48,0.4
2018,243,34.45,28.28,41.45,0
2018,244,34.05,28.39,39.98,0.21
2018,245,32.63,27.35,38.17,0.51
2018,246,32.03,26.75,38.05,1.83
2018,247,32.44,26.52,38.99,0.42
2018,248,33.53,27.83,40.03,0.02
2018,249,33.46,26.49,40.25,0.05
2018,250,32.95,27.72,39.4,1.39
2018,251,32.54,27.2,38.66,0.34
2018,252,30.87,27.32,36.35,25.06
2018,253,30.96,25.85,35.97,2.76
2018,254,32.09,26.4,38.43,1.43
2018,255,32.73,27.13,39.13,0.78
2018,256,31.71,24.99,38.96,2.06
2018,257,30.72,24.68,37.75,1.09
2018,258,30.25,25.04,36.83,0.62
2018,259,29.34,24,35.3,0
2018,260,29.72,24.24,36.69,0
2018,261,29.57,22.67,37.4,0
2018,262,29.72,22.36,38.12,0.3
2018,263,29.93,22.22,38.47,0
2018,264,30.1,22.89,37.68,0.34
2018,265,28.3,23.39,33.77,4.01
2018,266,24.04,21.85,27.05,58.33
2018,267,25.15,21.04,30.12,11.82
2018,268,27.23,21.15,33.6,0.09
2018,269,27.89,21.05,35.09,0
2018,270,27.8,21.05,36.25,0
2018,271,27.82,20.63,35.72,3.34
2018,272,27.6,21.62,34.34,10.17
2018,273,28.35,22.17,35.15,0
2018,274,28.39,22.28,36.12,0
2018,275,27.67,21.6,35.35,0
2018,276,27.3,20.51,35.92,0
2018,277,26.99,20.05,33.85,2.55
2018,278,26.77,20.57,34.15,0
2018,279,27.15,19.35,34.79,0
2018,280,26.95,21.13,34.62,0
2018,281,26.04,18.73,34.35,0
2018,282,25.79,19.86,33.29,1.74
2018,283,26.06,18.51,32.83,0.9
2018,284,25.08,19.82,31.45,0.76
2018,285,25.02,18.65,31.96,0
2018,286,24.88,18.09,32.18,0
2018,287,25.05,19.23,32.01,0
2018,288,24.88,18.34,32.35,0
2018,289,23.59,16.19,33.01,0
2018,290,24.86,17.03,32.85,0
2018,291,25.1,17.51,32.39,0
2018,292,24.03,16.93,32.21,0
2018,293,24.66,18.33,32.46,0
2018,294,24.46,18.63,32.17,0
2018,295,24.05,15.39,32.23,0
2018,296,24.23,18.89,31.16,0
2018,297,23.62,17.32,31.43,0
2018,298,23.01,14.89,31.14,0
2018,299,23.85,17.05,31.25,0
2018,300,24.4,18.58,31.58,0
2018,301,23.6,15.81,31.3,0
2018,302,24.73,17.67,31.86,0
2018,303,23.49,18.18,30.98,0
2018,304,22.29,16.24,29.57,0
2018,305,22.73,18.13,31.35,0.03
2018,306,22.41,16.61,29.37,0.34
2018,307,21.19,15.36,29.38,0.88
2018,308,18.65,11.36,26.23,0.29
2018,309,18.89,12.64,27.18,0
2018,310,17.83,10.16,27.9,0
2018,311,19.11,9.78,28.35,0
2018,312,19.53,11.02,27.68,0
2018,313,20.63,13.9,27.91,0
2018,314,20.19,11.78,27.73,0
2018,315,20.45,16.64,27.46,0
2018,316,21.47,16.15,28.22,0
2018,317,20.44,15.15,27.16,0.11
2018,318,20.02,15.26,27.17,2.28
2018,319,18.56,12.07,27.02,0.29
2018,320,18.79,11.12,28.03,0
2018,321,20.19,11.94,28.96,0
2018,322,20.28,12.69,27.95,0
2018,323,20.49,14.04,27.86,0.06
2018,324,20.31,14.88,28.75,0
2018,325,19.29,11.81,28.61,0
2018,326,18.99,13.73,27.45,0
2018,327,17.87,11.22,27.8,0
2018,328,18.07,10.31,28.87,0
2018,329,20.56,13.51,29.06,0
2018,330,20.63,12.6,29.19,0
2018,331,19.27,13.13,27.99,0
2018,332,19.63,12.39,28.2,0
2018,333,18.69,13.33,26.29,0
2018,334,17.75,10.63,27.02,0
2018,335,18.51,10.97,27.11,0
2018,336,18.45,12.31,27.2,0
2018,337,17.53,12.36,25.23,0
2018,338,17.96,12.86,24.73,0
2018,339,17.45,11.63,24.17,0
2018,340,16.41,11.25,24.35,0
2018,341,15.99,10.05,23.14,0
2018,342,16.38,11.12,22.62,0
2018,343,17.1,11.37,23.85,0
2018,344,14.69,10.84,21.23,2.36
2018,345,14.15,8.36,22.29,0.85
2018,346,13.44,9.98,19.04,0.46
2018,347,13.12,8.07,19.26,0.01
2018,348,12.52,6.74,20.69,0
2018,349,11.72,4.48,21.72,0
2018,350,11.88,4.37,21.82,0
2018,351,12.47,5.89,22.34,0
2018,352,13.09,5.19,23.38,0
2018,353,14.2,6.96,22.72,0
2018,354,13.63,7.7,22.31,0
2018,355,13.56,5.73,22.36,0
2018,356,13.13,6.1,22.4,0
2018,357,11.83,4.34,19.6,0
2018,358,10.63,4.95,19,0
2018,359,10.63,3.5,21.09,0
2018,360,10.99,5.37,18.09,0
2018,361,10.5,5.55,19.38,0
2018,362,9.46,1.56,19.58,0
2018,363,11.35,4.87,19.8,0
2018,364,12.07,5.6,20.08,0
2018,365,11.17,5.88,19.69,0
2019,1,9.82,4.76,15.72,0.03
2019,2,12.04,6.71,20.55,0
2019,3,11.6,5.02,20.11,0
2019,4,12.61,6.09,20.67,0.18
2019,5,11.93,7.4,19.02,1.57
2019,6,10.53,6.95,17.19,0.53
2019,7,11.36,6.13,19.05,0
2019,8,12.79,8.4,20.88,0
2019,9,12.19,5.26,22.21,0
2019,10,12.56,5.01,21.12,0.07
2019,11,13.23,7.91,20.94,0.35
2019,12,14.01,8.35,21.41,0.32
2019,13,11.45,5.78,19.95,0.17
2019,14,9.87,2.45,20.98,0
2019,15,11.12,2.04,21.12,0
2019,16,13.32,8.46,20.22,0
2019,17,12.72,4.21,22.16,0
2019,18,11.28,5.13,20.29,0
2019,19,12.3,6.39,19.36,0
2019,20,12.47,9.05,16.93,2.34
2019,21,11.44,9.69,14.82,8.61
2019,22,10.95,7.94,14.68,8.62
2019,23,10.13,5.48,17.44,2.69
2019,24,10.4,5.71,18.01,0.02
2019,25,10.9,2.94,18.09,0.01
2019,26,9.85,3.04,17.64,0
2019,27,9.18,3.67,17.97,0
2019,28,9.14,1.21,20,0
2019,29,10.65,1.11,21,0
2019,30,12.21,7.95,18.7,0.3
2019,31,10.89,7.09,17.57,2.41
2019,32,10.95,5.81,18.53,1.33
2019,33,12.19,5.99,21.46,0.07
2019,34,13.19,4.72,22.43,0
2019,35,15.4,8.19,23.76,0
2019,36,17.33,12.56,24.43,0.02
2019,37,14.38,9.55,22.09,2.03
2019,38,11.53,7.66,16.26,14.07
2019,39,11.33,6.82,19.11,0.28
2019,40,11.27,2.91,20.91,0
2019,41,12.36,6.43,19.81,0
2019,42,13.8,6.51,22.58,0
2019,43,15.38,9.88,21.11,0
2019,44,16.32,11.8,24.58,0
2019,45,13.81,10.03,18.28,14.18
2019,46,13.51,7.77,21.46,0.29
2019,47,14.23,6.38,22.13,0.01
2019,48,14.81,8.53,22.17,0
2019,49,13.38,7.31,23.14,4.44
2019,50,13.94,6.88,22.12,0.05
2019,51,13.55,9.54,18.57,22.23
2019,52,15.41,10.29,20.46,9.39
2019,53,13.49,6.83,21.74,0
2019,54,13.36,5.53,22.32,0
2019,55,15.27,7.71,22.59,0
2019,56,14.64,7.05,22.55,0.74
2019,57,14.16,9.42,21.32,2.66
2019,58,13.23,6.6,20.5,0.06
2019,59,14.19,7.02,21.49,0
2019,60,14.64,9.17,23.01,0
2019,61,13.03,10.41,18.16,3.88
2019,62,14.84,9.47,20.96,1.22
2019,63,15.59,9.34,22.34,0.03
2019,64,17.21,9.01,24.61,0
2019,65,17.47,8.9,24.83,0
2019,66,17.23,10.07,25.79,0
2019,67,16.54,11.17,23.85,0.08
2019,68,17.57,10.38,25.26,0
2019,69,17.71,9.47,26.51,0
2019,70,14.97,10.57,22.12,5.34
2019,71,16.07,9.45,24.04,0.14
2019,72,16.77,11.22,24.09,0.05
2019,73,16.93,11.23,24.35,0.14
2019,74,17.46,10,25.62,0
2019,75,18.3,9.75,27.55,0
2019,76,20.21,12.48,29.16,0
2019,77,20.54,13.73,29.92,0
2019,78,21.44,15.57,28.66,0.53
2019,79,20.1,13.65,28.09,1.17
2019,80,20.23,12.19,28.9,0.06
2019,81,20.7,12.12,29.97,0
2019,82,18.72,14.14,25.2,0.01
2019,83,20.29,14.54,28.1,0
2019,84,21.33,13.06,30.4,0
2019,85,22.68,12.74,33.36,0
2019,86,25.7,16.96,34.5,0
2019,87,27.05,19.65,35.97,0
2019,88,28.14,20.27,36.56,0
2019,89,27.42,19.48,36.29,0
2019,90,23.91,14.22,34.8,0
2019,91,24.9,14.21,36.29,0
2019,92,26.14,16.7,36.88,0
2019,93,28.99,19.03,38.37,0
2019,94,29.64,20.38,39.25,0
2019,95,30.42,23.86,38.03,0
2019,96,29.81,22.21,38.61,0
2019,97,29.73,21.78,39.16,0.01
2019,98,28.68,22.34,36.76,0.17
2019,99,29.89,20.59,38.81,0.1
2019,100,29.69,22.28,38.22,0.46
2019,101,29.78,20.57,38.66,0.04
2019,102,29.24,22.54,36.84,0.02
2019,103,28.89,23.23,35.8,0.34
2019,104,28.94,22.95,36.58,0.03
2019,105,30.17,22.09,38.26,0.97
2019,106,23.32,20.58,27.47,27.87
2019,107,20.29,16.44,22.75,8.91
2019,108,22.05,14.54,29.52,0.1
2019,109,25.14,16.48,32.56,0
2019,110,28,19.83,35.18,0
2019,111,30.21,22.23,37.49,0
2019,112,31.27,23.65,39.35,0
2019,113,33.41,23.49,42.17,0
2019,114,31.82,23.76,40.54,0.89
2019,115,29.83,23.14,38.74,0.84
2019,116,30.91,22.56,39.95,0.04
2019,117,31.01,23.58,39.55,0
2019,118,30.79,21.99,40.49,0
2019,119,31,21.3,40.71,0
2019,120,30.18,23.37,39.03,0.06
2019,121,30.29,21.61,39.31,0.03
2019,122,30.47,22.08,39.45,0
2019,123,29.89,22.03,38.54,1.1
2019,124,29.98,20.86,39.19,0
2019,125,31.8,23,41.82,0
2019,126,32.26,23.09,41.8,0
2019,127,32.97,24.24,42.17,0
2019,128,33.89,24.09,43.49,0
2019,129,34.55,25.86,43.12,0
2019,130,34.58,26.53,42.49,0.11
2019,131,33.52,27.34,39.3,0.06
2019,132,33.24,25.89,39.67,0
2019,133,34.35,28.64,40.62,2.29
2019,134,32.09,26.89,38.13,2.8
2019,135,32.69,26.56,39.27,0.6
2019,136,27.81,25.52,31.74,0.81
2019,137,29.88,24.69,36.38,1.49
2019,138,30.56,23.62,37.65,0.03
2019,139,32.59,24.94,40.06,0
2019,140,33.25,25.49,41.08,0
2019,141,34.09,26.11,42.18,0
2019,142,35.51,27.02,42.75,0
2019,143,35.01,28.87,41.9,2.54
2019,144,31.02,26.02,35.59,9.51
2019,145,30.16,23.66,36.86,0.07
2019,146,32.62,23.34,40.89,0
2019,147,33.82,25.46,41.93,0
2019,148,34.89,24.23,44.26,0
2019,149,37.4,27.57,46.15,0
2019,150,38.57,30.45,46.73,0
2019,151,38.32,28.27,47.5,0
2019,152,39.12,29.75,48.05,0
2019,153,39.62,30.73,47.71,0
2019,154,39.94,31.89,48.1,0.03
2019,155,38,29.38,45.97,0
2019,156,37.97,28.59,45.9,0
2019,157,37.57,29.63,44.89,0.02
2019,158,37.48,29.88,44.44,0.03
2019,159,38.9,30.62,45.9,0
2019,160,39.81,31.21,47.79,0
2019,161,39.95,30.44,48.29,0
2019,162,39.97,31.52,47.55,0.01
2019,163,38.11,30.28,46.02,1.73
2019,164,36.45,26.71,45.23,0
2019,165,37.29,27.3,45.99,0
2019,166,38.47,30.97,45.59,4.26
2019,167,36.77,32.11,41.74,1.55
2019,168,37.26,29.72,43.7,0
2019,169,34.09,29.15,38.61,3.4
2019,170,34.83,29.04,40.27,0.43
2019,171,36.36,29.35,42.45,0.01
2019,172,33.35,26.7,39.3,4.28
2019,173,36.52,29.01,43.18,0
2019,174,37.78,31.77,43.76,0.01
2019,175,32.57,29.9,35.68,8.48
2019,176,35.14,28.89,41.17,0.22
2019,177,37.15,29.31,44.13,0
2019,178,38.36,32.36,44.48,0
2019,179,38.77,31.44,45.48,0
2019,180,39.28,32.78,45.72,0
2019,181,39.45,32.45,45.86,0.29
2019,182,39.45,33.14,45.87,0
2019,183,39.28,32.66,45.29,0.12
2019,184,39.98,32.73,46.5,0.06
2019,185,40.25,33.48,46.68,0.17
2019,186,35.66,29.25,41.71,15.13
2019,187,36.83,29.77,43,2.96
2019,188,37.47,33.11,42.42,0.17
2019,189,38.18,31.86,43.75,0.76
2019,190,37.73,33.16,42.77,4.1
2019,191,38.1,32.46,43.44,0
2019,192,36.2,30.42,41.99,12.55
2019,193,35.46,31.94,39.67,17.34
2019,194,34.61,30.19,39.38,14.95
2019,195,32.67,28.43,37.48,18.62
2019,196,32.34,27.1,38.59,13.43
2019,197,30.39,26.67,34.58,45.93
2019,198,29.08,25.94,32.44,25.82
2019,199,31.03,26.69,35.22,0.25
2019,200,31.22,26.59,35.32,0.72
2019,201,31.86,27.53,35.86,2.31
2019,202,32.17,27.08,36.34,2.1
2019,203,33.03,27.82,37.26,1.59
2019,204,33.96,28.74,39.06,0.67
2019,205,34.35,28.62,39.79,3.59
2019,206,31.71,28.15,36.35,36.43
2019,207,29.58,27.08,32.82,6.27
2019,208,29.52,26.45,33.47,1.46
2019,209,29.8,26.53,33.39,14.18
2019,210,29.1,26.83,31.74,3.07
2019,211,31.68,26.82,36.4,1.53
2019,212,31.46,27.47,35.51,2.98
2019,213,30.6,26.42,35.17,10.47
2019,214,30.35,27.38,33.64,23
2019,215,30.52,26.99,34.51,0.1
2019,216,31.42,26.8,35.94,0.88
2019,217,32.28,26.78,37.15,0.16
2019,218,32.46,27.63,37.38,0.93
2019,219,31.2,27.33,35.8,4.82
2019,220,31.54,27.05,36.05,3.27
2019,221,32.02,27.29,36.26,6.54
2019,222,30.74,26.85,35.11,5.72
2019,223,31.5,26.93,35.65,0.26
2019,224,32.23,28.26,35.62,6.27
2019,225,32.71,28.19,37.2,3.8
2019,226,32.16,27.39,37.41,0.03
2019,227,32.31,27.65,37.78,0.67
2019,228,31.35,27.45,36.16,5.09
2019,229,27.56,23.82,31.09,30.15
2019,230,28.93,22.82,35.15,0.79
2019,231,30.04,24.44,35.04,0.59
2019,232,30.73,25.69,35.5,0.06
2019,233,30.67,24.65,37.31,0.02
2019,234,30.29,24.3,36.72,0
2019,235,30.47,24.33,36.41,0.62
2019,236,31.61,25.11,38.35,0.26
2019,237,31.17,25.57,37.78,1.63
2019,238,30.85,26.45,36.02,1.35
2019,239,31.92,26.51,37.28,0.22
2019,240,33.14,27.49,38.42,0.19
2019,241,33.06,27.98,38.06,4.8
2019,242,33.23,27.35,38.52,0.58
2019,243,33.17,28.13,38.02,5.54
2019,244,32.72,27.45,38.24,2.35
2019,245,32.44,27.22,38.12,0.44
2019,246,33.32,27.27,39.33,0.12
2019,247,32.83,27.22,39.16,4.14
2019,248,32.27,27.24,37.59,3.17
2019,249,33.43,27.56,39.05,0.18
2019,250,33.25,27.74,38.89,0.27
2019,251,33.17,26.78,38.65,0.04
2019,252,33.5,27.04,40.52,0
2019,253,32.99,26.23,39.82,0
2019,254,33.52,26.18,40.91,0
2019,255,32.9,25.58,41.33,0.12
2019,256,32.7,26.36,39.65,0.03
2019,257,33.27,27.97,40.21,0
2019,258,32.73,26.67,39.07,0.18
2019,259,32.16,26.16,38.63,3.16
2019,260,31.99,25.92,39.11,0.25
2019,261,31.76,25.53,38.79,0.33
2019,262,30.1,24.75,36.16,0.7
2019,263,29.77,24.7,36.13,0.17
2019,264,30.37,24,37.14,0.01
2019,265,30.48,24.53,36.79,0.06
2019,266,30.51,24.74,36.65,0
2019,267,30.73,25.31,36.65,0
2019,268,31.48,26,37.14,0.01
2019,269,30.97,25.6,36.15,2.07
2019,270,30.36,25.58,35.78,6.98
2019,271,27.95,24.64,33.2,28.29
2019,272,25.65,22.62,29.61,26.4
2019,273,26.1,21.15,31.77,2.39
2019,274,26.33,21.97,31.18,3.33
2019,275,26.66,21.77,31.93,0.04
2019,276,25.62,22.42,29.7,5.64
2019,277,22.96,20.17,25.48,3.79
2019,278,23.33,18.12,28.66,0.01
2019,279,23.28,18.12,29.28,0
2019,280,24.51,18.8,31.58,0
2019,281,25.92,18.26,33.21,0
2019,282,25.69,19.9,32.98,0.01
2019,283,25.86,19.75,32.48,0
2019,284,26.2,19.22,33.36,0
2019,285,25.63,19,33.15,0
2019,286,26.15,19.43,33.72,0
2019,287,26.7,19.71,34.53,0
2019,288,25.66,18.98,33.85,0.01
2019,289,25.39,19.14,33.21,0.01
2019,290,24.59,19.09,31.69,1.47
2019,291,23.61,18.74,30.79,4.76
2019,292,23.47,17.65,31.08,0.62
2019,293,23.56,18.21,29.31,0
2019,294,24.28,17.86,31.38,0
2019,295,24.67,17.05,32.44,0
2019,296,24.83,17.82,33.09,0
2019,297,23.67,16.96,31.7,0
2019,298,23.94,15.81,31.25,0
2019,299,23.97,16.2,31.87,0
2019,300,24.6,17.52,32.17,0
2019,301,25.37,18.97,32.07,0
2019,302,25.39,19.07,32.38,0
2019,303,25.26,20.27,32.25,0
2019,304,24.68,18.28,32.16,0
2019,305,23.93,18.68,31.25,0
2019,306,24.03,17.7,30.77,0
2019,307,21.78,18.05,27.18,0
2019,308,22.71,15.98,30.2,0
2019,309,24.09,17.49,31.25,0
2019,310,22.79,16.68,30.47,0.06
2019,311,19.5,15.58,25.67,14.26
2019,312,19.38,13.75,26.97,1.27
2019,313,19.13,12.36,27.34,0
2019,314,20.07,14.07,26.56,0
2019,315,19.59,15.66,24.51,0
2019,316,20.04,14.66,26.27,0
2019,317,20.93,16.39,28.15,0
2019,318,18.27,15.54,23.69,0.08
2019,319,17.72,14.07,23.12,0.01
2019,320,18.21,14.7,23.11,2.41
2019,321,18.64,13.75,26.71,0
2019,322,19.09,11.57,27.44,0
2019,323,19.35,13.17,28,0
2019,324,20.36,15.14,26.76,0
2019,325,17.01,12.57,23.37,0
2019,326,16.35,13.01,20.49,0.14
2019,327,18.13,13.73,24.5,0.09
2019,328,18.39,14.2,25.22,0
2019,329,17.94,12.7,24.62,0
2019,330,16.82,12.67,22.85,0.04
2019,331,16.71,11.41,23.64,2.91
2019,332,16.95,12.37,23.28,0.96
2019,333,15.67,11.06,22.96,0.02
2019,334,15.25,9.13,22.31,0
2019,335,16.4,11.58,23.24,0
2019,336,16.16,9.78,24.26,0
2019,337,15.22,7.19,24.75,0
2019,338,16.68,9.53,24.82,0
2019,339,15.79,9.19,23.88,0
2019,340,15.4,9.96,23.79,0
2019,341,15.42,8.49,24.62,0
2019,342,15.92,9.65,23.78,0
2019,343,15.32,9.86,22.27,0
2019,344,15.77,10.14,22.93,0
2019,345,14.4,9.31,20.82,0
2019,346,11.81,9.06,14.13,8.14
2019,347,11.91,9.28,16.62,15.95
2019,348,12.46,8.15,18.49,0.71
2019,349,11.38,6.04,18.29,0
2019,350,11.12,4.87,18.36,0
2019,351,12.42,7.12,19.6,0
2019,352,12.14,4.67,19.57,0
2019,353,13.52,8.55,19.65,0
2019,354,13.91,9.62,20.56,0.12
2019,355,12.79,7.66,19.94,0.21
2019,356,11.84,5.68,20.94,0
2019,357,11.98,4.29,20.27,0
2019,358,11.37,4.55,18.46,0
2019,359,10.03,3.88,18.35,0
2019,360,9.93,2.9,18.61,0
2019,361,10.04,3.69,17.61,0
2019,362,8.99,1.86,16.59,0
2019,363,9.11,2.78,16.16,0
2019,364,9.06,3.3,16.86,0
2019,365,8.38,2.15,15.15,0
2020,1,8.77,3.65,16.13,0
2020,2,10.05,5.43,17.38,0
2020,3,11.35,4.65,20.16,0
2020,4,12.74,7.38,19.34,0
2020,5,10.23,5.38,16.15,0.14
2020,6,9.31,8.06,11.47,9.98
2020,7,11.2,8.21,15.46,4.6
2020,8,9.25,4.96,15.56,0.55
2020,9,8.99,1.96,17.22,0
2020,10,8.52,1,17.75,0
2020,11,10.94,4.58,18.91,0
2020,12,12.25,7.38,19.88,0
2020,13,8.53,7.16,9.58,32.91
2020,14,9.03,4.56,15.01,0.05
2020,15,10.16,4.48,16.61,0
2020,16,11.43,5.94,18.26,0
2020,17,11.37,5.29,18.12,0
2020,18,11.15,4.9,17.71,0.02
2020,19,11.5,5.53,17.94,0
2020,20,11.05,5.79,16.72,0
2020,21,10.47,6.44,16.8,0.01
2020,22,10.38,4.83,18.72,0
2020,23,10.06,3.49,19.44,0
2020,24,10.1,1.9,21.01,0
2020,25,13.55,7.3,21.59,0.02
2020,26,13.32,6.8,21.62,0
2020,27,12.41,7.72,18.76,6.1
2020,28,11.85,10.38,14.26,9.48
2020,29,11.24,7.11,16.32,4.51
2020,30,11.18,5.48,17.51,0
2020,31,11.62,5.6,18.18,0
2020,32,11.56,5.35,18.37,0
2020,33,12.42,3.77,19.69,0
2020,34,12.41,5.89,20.33,0
2020,35,9.36,4.46,16.69,0
2020,36,9.8,2.63,17.91,0
2020,37,11.52,4.8,19.37,0
2020,38,11.8,5.21,19.23,0
2020,39,12.79,4.77,20.87,0
2020,40,14.75,7.28,21.85,0
2020,41,14.74,7.42,22.34,0
2020,42,14.81,9.65,23.16,0
2020,43,15.55,9.36,23.8,0.01
2020,44,17.54,11.55,26.8,0.04
2020,45,15.87,9.38,25.35,0
2020,46,15.39,5.25,27.05,0
2020,47,18.72,10.61,27.78,0
2020,48,17.47,11.35,26.48,0
2020,49,17.41,9.93,26.45,0
2020,50,16.35,9.19,25.76,0.12
2020,51,16.32,10.29,23.06,3.8
2020,52,16,10.79,23.26,0.48
2020,53,17.26,9.7,24.96,0
2020,54,18.54,11.14,25.77,0
2020,55,18.24,11.82,26.42,0.05
2020,56,18.76,12.7,26.74,0
2020,57,19.46,11.23,28.2,0
2020,58,18.77,13.3,26.93,0
2020,59,18.1,11.68,26.4,1.1
2020,60,17.83,13.71,24.47,12.19
2020,61,17.93,12.09,24.76,0.59
2020,62,18.9,12.28,26.85,0
2020,63,19.66,13.36,27.19,0
2020,64,19.65,12.56,27.31,0.3
2020,65,17.15,13.25,22.34,14.6
2020,66,14.76,12.1,16.66,28.39
2020,67,14.21,9.83,19.38,4.57
2020,68,15.61,9.26,23.53,2.58
2020,69,15.81,9.35,24.07,0
2020,70,17.18,10.37,25.24,0.02
2020,71,16.83,10.4,24.69,22.27
2020,72,16.84,12.21,23.05,4.1
2020,73,15.1,8.56,22.73,6.02
2020,74,15.31,9.49,21.33,2.53
2020,75,16.85,9.41,24.12,0.01
2020,76,17.73,9.96,25.46,0
2020,77,20.08,12.34,27.58,0
2020,78,20.34,14.76,25.85,0.01
2020,79,21.55,16.19,28.25,0.01
2020,80,20.69,14.9,27.68,0
2020,81,20.57,16.17,26.85,0.12
2020,82,20.96,14.82,28.38,0
2020,83,20.71,15.76,26.23,0.11
2020,84,20.82,17.37,26.41,2.25
2020,85,21.93,15.71,28.7,0.54
2020,86,20.96,16.35,26.49,0.43
2020,87,17.81,14.01,21.25,44.36
2020,88,19.6,12.54,26.44,0.64
2020,89,19.97,13.5,26.72,0
2020,90,19.52,14.07,26.65,0
2020,91,18.18,15.24,21.81,2.05
2020,92,20.49,13.61,27.86,0.02
2020,93,20.73,15.7,26.89,0
2020,94,20.83,13.18,28.48,0
2020,95,22.17,14.72,30.22,0
2020,96,20.69,16.01,28.13,5.98
2020,97,22.44,15.45,30.44,0
2020,98,21.49,16.91,27.76,0.86
2020,99,22.06,15.35,28.76,0
2020,100,23.17,15.39,32.08,0.06
2020,101,25.31,18.91,33.06,0
2020,102,25.13,17.93,32.99,0
2020,103,26.69,18.08,35.83,0
2020,104,27.75,22.48,34.75,0
2020,105,28.33,22.99,37.32,0
2020,106,28.46,22.01,36.96,0
2020,107,26.42,18.16,35.74,0
2020,108,23.18,19.58,27.72,16.12
2020,109,23.83,17.58,31.29,2.97
2020,110,23.74,16.4,31.11,0
2020,111,23.35,18.86,28.97,1.24
2020,112,24.02,17.61,30.99,0.01
2020,113,26.51,18.85,34.68,0
2020,114,27.05,20.42,34.08,0.04
2020,115,28.47,20.37,36.4,0.15
2020,116,25.86,22.43,29.82,0.13
2020,117,25.66,21.6,29.67,0.57
2020,118,26.55,20.65,33.81,1.18
2020,119,26.62,20.15,33.75,0.24
2020,120,28.87,20.88,37.23,0.01
2020,121,30.25,23.52,38.04,0.08
2020,122,31.22,23.6,39.84,0.24
2020,123,30.41,24.99,36.19,3.56
2020,124,29.71,22.67,36.15,1.27
2020,125,28.92,22.12,36,0.65
2020,126,29.09,22.8,36.19,0.07
2020,127,29.34,21.24,36.69,0.08
2020,128,28.88,20.53,37.07,0.02
2020,129,30.43,23.88,38.21,0
2020,130,32.09,23.52,40.91,0
2020,131,32.15,25.83,40.07,0.51
2020,132,30.34,24.23,38.73,2.44
2020,133,29.95,23.55,37.47,0.03
2020,134,30.72,24.02,36.98,1.13
2020,135,28.73,23.03,34.83,7.47
2020,136,28.54,20.73,37.08,0.04
2020,137,30.54,21.33,39.01,0
2020,138,31.03,23.01,37.98,0
2020,139,31.05,22.24,39.61,0
2020,140,30.29,22.37,38.46,0
2020,141,30.27,20.34,40.08,0
2020,142,32.69,21.89,43.29,0
2020,143,35.01,26,44.2,0
2020,144,36.1,28.54,44.67,0
2020,145,35.32,27.14,43.62,0.12
2020,146,36.15,26.94,45.51,0
2020,147,36.64,26.9,46.04,0
2020,148,37.26,27.53,46.8,0
2020,149,36.12,27.95,44.29,0.05
2020,150,34.5,27.82,40.88,0.05
2020,151,31.41,26.99,36.42,3.8
2020,152,27.6,24.87,30.53,4.25
2020,153,28.86,23.2,33.78,0.71
2020,154,26.47,24.62,28.14,3.99
2020,155,28.77,22.71,33.54,0.34
2020,156,30.3,23.63,36.36,0.94
2020,157,31.4,25.94,36.62,0.45
2020,158,30.4,25.67,35.38,8.08
2020,159,30.76,24.86,36.09,0.48
2020,160,33.87,26.43,40.54,0
2020,161,35.35,28.33,42.1,0.05
2020,162,36.06,28.72,43.27,1.4
2020,163,35.67,28.15,42.02,3.42
2020,164,37.06,30.91,43.25,0.01
2020,165,36,30.28,42.5,4.48
2020,166,35.12,27.94,42.57,0.14
2020,167,36.31,27.3,44.66,0
2020,168,36.68,28.58,44.35,0.01
2020,169,37.25,27.89,44.88,0
2020,170,38.2,29.49,45.84,0.02
2020,171,38.51,31.55,44.76,0.04
2020,172,38.14,31.09,45.01,0.43
2020,173,38.28,30.95,44.96,0.03
2020,174,36.59,29.7,42.39,5.1
2020,175,37.25,30.51,43.2,0
2020,176,35.89,31.92,40.74,6.2
2020,177,34.83,30.54,39.98,4.25
2020,178,35.84,29.02,41.89,0.21
2020,179,37.48,31.24,43.07,0.01
2020,180,38.18,31.59,44.44,3.65
2020,181,34.53,29.75,38.78,8.3
2020,182,36.16,29.42,42.23,0.09
2020,183,36.9,31.1,42.28,0.54
2020,184,37.51,30.85,44.37,2.08
2020,185,39.12,31.76,46.16,0
2020,186,39.04,31.86,45.69,0.5
2020,187,34.29,29.83,38.18,8.59
2020,188,35.07,28.5,41.04,0.02
2020,189,35.83,30.58,41.08,0.52
2020,190,33.62,29.13,38.23,4.56
2020,191,34.87,29.32,39.91,0.79
2020,192,38.05,31.3,44.25,0.31
2020,193,37.85,32.16,43.75,0.25
2020,194,32.34,29.64,34.79,35.36
2020,195,33.57,28.27,38.96,0.39
2020,196,36.02,29.72,42.41,0.45
2020,197,35.77,29.98,41.71,1.29
2020,198,33.4,29.61,37.26,15.5
2020,199,33.43,28.9,37.63,7
2020,200,35.13,29.87,39.98,2.25
2020,201,34.2,29.88,38.23,16.6
2020,202,34.55,29.74,40.78,5.66
2020,203,30.88,27.6,34.83,22.69
2020,204,30.44,26.61,35.2,5.37
2020,205,32.32,25.95,38.3,0
2020,206,33.11,27.09,38.82,0.05
2020,207,33.25,27.75,38.82,1.48
2020,208,33.08,28.02,37.48,8.44
2020,209,34.27,28.65,39.53,0.23
2020,210,35.66,29.24,42.12,1.4
2020,211,35.26,29.89,41.16,9.71
2020,212,32.83,28.35,37.78,6.05
2020,213,31.02,27.78,33.81,11.56
2020,214,31.96,27.78,35.32,7.75
2020,215,32.55,27.6,36.89,25.06
2020,216,33.91,28.24,39.49,9.22
2020,217,34.22,28.44,40.49,1.04
2020,218,34.24,28.79,40.57,0.12
2020,219,33.33,28.35,38.3,1.58
2020,220,32.49,28.43,37.51,0.12
2020,221,33.02,28.13,37.14,6.18
2020,222,32.83,28.75,36.64,16.78
2020,223,32.75,28.37,36.32,20.5
2020,224,31.5,27.51,35.35,14.9
2020,225,33.44,28.24,38.9,1.88
2020,226,33.45,28.79,38.74,4.22
2020,227,32.1,27.86,37.16,4.76
2020,228,31.85,27.17,36.62,0.14
2020,229,32.54,27.48,37.59,2.5
2020,230,32.3,27.52,37.59,2.84
2020,231,32.58,27.69,37.85,2.77
2020,232,31.97,28.61,34.88,15.41
2020,233,29.44,27.15,32.38,63.5
2020,234,28.85,25.83,32.47,2.48
2020,235,30.3,25.11,34.83,0.02
2020,236,30.14,25.27,34.91,0
2020,237,29.88,24.91,34.65,0.16
2020,238,29.99,26.28,34.4,2.95
2020,239,29.96,26.29,33.57,5.71
2020,240,29.24,25.94,32.73,44.42
2020,241,28.84,25.68,31.85,63.1
2020,242,29.53,25.31,33.43,14.17
2020,243,29.7,26.43,32.96,3.11
2020,244,27.94,24.9,31.05,12.34
2020,245,28.55,25.18,32.09,2.35
2020,246,28.76,25.12,32.43,0.28
2020,247,28.15,25.03,32.07,14.39
2020,248,27.71,24.89,30.85,32.7
2020,249,28.24,24.53,31.43,3.33
2020,250,28.7,24.65,32.48,7.96
2020,251,28.84,25.18,33.3,0.85
2020,252,28.87,24.86,33.13,0
2020,253,28.87,24.19,33.67,0
2020,254,29.07,25.05,34.09,0
2020,255,29.32,23.68,34.82,0
2020,256,29.33,24.41,34.26,0.05
2020,257,29.06,22.89,33.89,0
2020,258,29.23,23.62,34.1,0
2020,259,29.89,25.38,34.21,0
2020,260,30.55,25.91,35.45,0
2020,261,30.92,25.72,35.6,0
2020,262,30.07,23.36,35.1,0
2020,263,30.01,25.51,35.21,0
2020,264,28.44,23.17,34.24,0
2020,265,28.59,21.93,34.39,0
2020,266,29.42,23.39,34.91,0
2020,267,29.66,24.01,34.61,0.01
2020,268,29.77,25.2,35.16,0
2020,269,29.88,24.53,35.91,0
2020,270,27.51,21.16,34.96,0.1
2020,271,27.32,21.33,34.49,0
2020,272,27.37,22.02,34.6,0
2020,273,27.79,21.79,35.09,0
2020,274,28.36,21.73,35.58,0
2020,275,26.56,19.87,34.73,0
2020,276,26.9,20.83,34.25,0
2020,277,27.16,21.85,34.65,0
2020,278,26.42,21.36,34.07,0
2020,279,26.51,20.4,34.73,0
2020,280,26.49,20.08,35.07,0
2020,281,25.86,18.49,34.9,0
2020,282,26.14,19.61,35.07,0
2020,283,26.88,20.72,34.96,0
2020,284,27.43,22.17,35.34,0
2020,285,27.13,20.67,35.79,0
2020,286,27.59,19.96,35.29,0
2020,287,26.07,19.51,35.25,0
2020,288,25.8,19.58,34.89,0
2020,289,25.81,19,34.05,0
2020,290,25.26,17.95,33.14,0
2020,291,25.72,18.89,33.16,0
2020,292,24.93,18.22,33.69,0
2020,293,24.92,18.16,33.49,0
2020,294,24.78,17.98,33.12,0
2020,295,23.2,15.54,32.97,0
2020,296,23.44,16.94,31.97,0
2020,297,24.49,18.02,31.21,0
2020,298,24.51,18.74,31.73,0
2020,299,22.4,15.17,31.54,0
2020,300,21.73,15.76,30.49,0
2020,301,22.03,13.72,30.48,0
2020,302,23.19,15.81,31.03,0
2020,303,22.21,15.55,30.72,0
2020,304,21.88,16.51,30.9,0
2020,305,20.2,12.4,30.01,0
2020,306,20.25,11.65,30.05,0
2020,307,21.94,14.57,29.88,0
2020,308,22.71,15.67,30.25,0
2020,309,22.95,16.25,30.65,0
2020,310,21.72,14.58,30.34,0
2020,311,21.08,14.63,29.66,0
2020,312,21.25,15.26,29.62,0
2020,313,21.15,13.89,29.43,0
2020,314,19.82,13.63,27.83,0
2020,315,19.99,16.03,28.02,0
2020,316,19.87,14.86,27.65,0
2020,317,19.87,14.37,27.29,0
2020,318,20.11,14.96,26.92,0
2020,319,17.46,14.53,21.8,0
2020,320,14.4,11.61,17.23,16.12
2020,321,15.39,10.45,23.09,0.27
2020,322,14.86,8.33,23.9,0
2020,323,15.04,7.95,23.13,0
2020,324,16.07,10.55,22.86,0
2020,325,15.06,10.15,23.67,0
2020,326,13.43,6.46,23.36,0
2020,327,13.79,7.29,22.15,0
2020,328,14.87,10.76,21.56,0
2020,329,14.96,11.69,21.45,12.48
2020,330,12.11,8.75,13.62,33.53
2020,331,12.8,7.63,20.41,0.01
2020,332,13.06,6.36,22.85,0
2020,333,12.61,4.56,23.44,0
2020,334,13.61,7.38,21.09,0
2020,335,14.67,8.14,24.1,0
2020,336,16.03,9.94,24.57,0
2020,337,15.9,9.79,25.01,0
2020,338,17.33,10.35,25.71,0
2020,339,17.5,12.05,24.38,0
2020,340,16.51,9.77,23.51,0
2020,341,16.81,11.86,24.39,0
2020,342,17.47,11.46,25.16,0
2020,343,17.48,13.81,24.92,0.12
2020,344,17.71,13.71,24.9,2.1
2020,345,15.74,11.31,22.84,0.05
2020,346,15.13,10.22,22.94,2.87
2020,347,13.47,9.67,20.09,7.71
2020,348,11.72,6.72,18.65,0
2020,349,11.88,5.62,19.26,0
2020,350,10.49,6.24,17.61,0
2020,351,9.51,4.34,17.68,0
2020,352,8.38,1.72,17.65,0
2020,353,8.63,1.3,18.87,0
2020,354,9.59,2.61,19.99,0
2020,355,11.72,5.44,21.47,0
2020,356,12.59,7.14,20.88,0
2020,357,12.82,6.82,21.5,0
2020,358,13.45,8.84,21.27,0
2020,359,13.06,8.08,21.26,0
2020,360,12.38,8.13,20.39,0
2020,361,12.29,6.48,20.26,0
2020,362,11.05,6.01,18.98,2.77
2020,363,8.78,5.91,14.12,1.33
2020,364,8.7,2.47,17.1,0
2020,365,8.43,1.91,18.26,0
2020,366,8.77,1.81,19.1,0
2021,1,11.1,5.82,18.75,0
2021,2,10.99,5.91,18.86,0.41
2021,3,12.78,8.79,17.98,1.54
2021,4,14.45,11.69,18.49,3.37
2021,5,14.19,11.78,17.01,32.72
2021,6,14.26,9.54,20.2,5.49
2021,7,12.2,7.59,18.98,0
2021,8,11.8,7.01,19.32,0
2021,9,10.93,5.42,19.05,0
2021,10,9.93,3.97,18.84,0
2021,11,10,4.35,19.11,0
2021,12,9.81,3.43,20.27,0
2021,13,9.55,3.41,18.37,0
2021,14,10.73,3.65,18.32,0
2021,15,10.88,6.02,17.48,0
2021,16,9.88,3.55,19.33,0
2021,17,10.97,5.07,18.19,0
2021,18,10.33,5.21,19.01,0
2021,19,10.21,3.73,19.09,0
2021,20,11.28,3.97,22.02,0
2021,21,12.02,3.18,21.49,0
2021,22,12.06,4.56,20.09,0
2021,23,11.24,7.3,17.59,0.43
2021,24,11.42,6.1,19.32,0.08
2021,25,11.88,5.55,20.96,0
2021,26,11.25,4.67,20.45,0
2021,27,10.9,3.96,20.4,0
2021,28,11.9,6.06,20.54,0
2021,29,11.17,4.21,20.36,0
2021,30,11.73,3.66,21.1,0
2021,31,14.26,7.24,21.99,0
2021,32,13.5,6.91,21.97,0
2021,33,14.54,8.57,22.47,0
2021,34,13.59,7.99,22.15,0.42
2021,35,12.15,6.89,20.64,1.16
2021,36,12.73,6.78,20.41,0.13
2021,37,13.62,6.83,21.28,0
2021,38,14.14,5.69,22.45,0
2021,39,15.78,9.44,23.73,0.06
2021,40,17.27,10.91,24.59,0
2021,41,16.22,10.21,24.1,0
2021,42,17.22,11.33,25.56,0
2021,43,17.64,11.02,25.88,0
2021,44,17.58,13.8,23.02,0
2021,45,17.34,9.97,25.57,0
2021,46,17.84,11.58,25.85,0
2021,47,18.07,11.73,25.27,0
2021,48,18.52,11.59,26.45,0
2021,49,17.93,12.19,26.53,0
2021,50,18.36,11.19,26.23,0
2021,51,18.93,11.88,25.74,0
2021,52,19.42,12.43,26.81,0
2021,53,21.46,13.27,29.01,0
2021,54,21.06,12.43,29.28,0
2021,55,21.67,13.73,30.59,0
2021,56,21.5,12.98,30.51,0
2021,57,21.97,13.91,30.58,0.14
2021,58,19.65,12.68,28.11,0.49
2021,59,19.19,13.56,27.04,0
2021,60,18.43,10.74,27.8,0
2021,61,18.87,9.41,28.81,0
2021,62,21.93,14.18,30.34,0
2021,63,21.02,12.46,31.22,0
2021,64,21.3,14.06,31.42,0
2021,65,21.68,13.6,31.99,0
2021,66,23.02,16.95,30.93,0.05
2021,67,22.4,14.71,31.41,0.01
2021,68,22.9,15.02,32.08,0
2021,69,22.89,16.29,31.3,0
2021,70,23.61,15.59,33.11,0
2021,71,22.35,15.86,31.64,0.73
2021,72,21.64,13.73,31.07,0.89
2021,73,22.34,15.55,30.43,0
2021,74,22.04,15.05,29,0
2021,75,23.72,16.46,32.2,0
2021,76,24.48,17.16,33.06,0
2021,77,24.77,17.13,33.94,0
2021,78,24.27,16.54,33.6,0
2021,79,25.3,17.24,34.07,0
2021,80,22.98,18.83,29.81,3.8
2021,81,23.37,16.94,30.55,0.28
2021,82,22.07,16.35,30.81,8.8
2021,83,21,13.52,29.26,0
2021,84,21.03,12.4,30.47,0
2021,85,23.66,14,32.98,0
2021,86,26.32,17.61,35.15,0
2021,87,27.44,19.34,36.54,0
2021,88,26.89,18.7,37.44,0
2021,89,26.17,18.76,35.9,0
2021,90,23.05,13.4,34.16,0
2021,91,22.23,11.82,34.12,0
2021,92,20.98,10.87,32.29,0
2021,93,24.12,13.42,34.92,0
2021,94,23.8,16.1,31.83,0
2021,95,22.45,16.54,31.51,0.01
2021,96,24.01,18.39,33.22,2.44
2021,97,23.5,14.91,32.77,0.42
2021,98,23.64,13.65,33.71,0
2021,99,25.28,15.69,35.37,0
2021,100,25.9,17.75,34.63,0
2021,101,28.03,17.85,38.11,0.02
2021,102,29.13,21.56,37.52,0.05
2021,103,29.73,20.89,38.58,0
2021,104,31.06,22.47,39.61,0.01
2021,105,29.23,22.01,36.6,0.07
2021,106,26.28,21.59,31.53,0.71
2021,107,23.96,19.09,29.71,0.85
2021,108,26.41,17.52,35.25,0.08
2021,109,27.67,18.92,36.91,0
2021,110,24.22,18.58,32.04,1.19
2021,111,23.17,16.14,30.41,1.18
2021,112,26.5,17.72,34.53,0.34
2021,113,22.53,17.18,26.98,19.95
2021,114,24.6,15.74,33.97,0
2021,115,27.37,15.24,38.1,0
2021,116,30.65,21.45,39.7,0
2021,117,32.19,24.57,41.42,0
2021,118,32.09,23.91,38.91,0
2021,119,32.97,23.27,41.92,0
2021,120,33.19,25.01,41.64,0
2021,121,32.59,25.73,40.3,0.25
2021,122,33.54,26.25,40.92,0
2021,123,32.82,24.75,40.21,0.02
2021,124,32.9,24.73,40.57,0.01
2021,125,31.63,23.81,38.98,1.8
2021,126,31.24,25.03,38.5,0.02
2021,127,29.66,23.63,35.59,0.12
2021,128,32.31,24.2,38.86,0
2021,129,33.07,24.96,40.61,0.01
2021,130,32.73,27.08,39.1,5.4
2021,131,31.87,24.28,39.48,0.4
2021,132,32.68,26.33,39.03,4.23
2021,133,29.6,24.9,34.76,6.11
2021,134,29.69,22.33,36.54,0.19
2021,135,31.53,23.72,38.39,0.4
2021,136,33.2,25.93,40.49,0.16
2021,137,33.57,25.06,41.86,0
2021,138,34.3,25.44,42.31,0
2021,139,32.78,25.53,39.44,0.05
2021,140,32.59,24.48,39.45,2.26
2021,141,31.63,24.04,38.34,6.7
2021,142,32.23,24.7,38.97,0
2021,143,30.78,24.98,37.48,0
2021,144,31.73,23.19,39.42,0.11
2021,145,33.39,24,41.78,0
2021,146,34.94,25.94,43.16,0
2021,147,35.81,25.89,45.02,0
2021,148,37.13,27.61,45.65,0
2021,149,38.14,30.06,45.29,0
2021,150,36.69,29.87,43.91,0.97
2021,151,37.17,28.92,44.05,1.54
2021,152,33.99,28.79,39.55,3.21
2021,153,34.1,27.01,40.67,0.93
2021,154,33.29,27.85,38.29,4.13
2021,155,33.47,27.71,39.25,0.89
2021,156,34.86,29.35,40.43,0.15
2021,157,36.31,29.59,42.26,0
2021,158,38.24,31.18,44.55,0
2021,159,39.45,31.2,46.99,0
2021,160,40.56,32.18,47.61,0
2021,161,40.4,33.51,47.09,0
2021,162,39.99,33.18,45.68,1.01
2021,163,39.6,33.26,45.18,1.22
2021,164,35.72,29.96,41.26,10.04
2021,165,34.23,28.39,39.32,4.6
2021,166,34.01,28.68,39.46,0.93
2021,167,31.38,26.91,35.95,2.31
2021,168,33.68,26.33,39.8,0.01
2021,169,35.2,27.45,41.8,0
2021,170,35.6,28.45,42.33,0.02
2021,171,35.05,27.28,41.68,0.88
2021,172,35.9,28.93,42.33,0.13
2021,173,36.36,28.87,43.55,0
2021,174,37.63,29.44,45.06,0
2021,175,37.6,30.35,43.85,0.01
2021,176,38.15,31.29,44.31,0.25
2021,177,34.19,29.69,38.54,11.81
2021,178,34.05,27.04,40.86,2.4
2021,179,36.24,28.64,43.43,0
2021,180,37.71,29.67,45.33,0
2021,181,38.86,30.75,47.23,0
2021,182,39.1,31.59,46.48,0
2021,183,38.57,30.95,45.64,0.21
2021,184,37.23,31,43.17,4.05
2021,185,37.77,31.95,43.61,0.29
2021,186,37.59,31.39,43.62,0.77
2021,187,38.11,32.15,43.87,0
2021,188,39.06,32.22,45.57,0
2021,189,39.15,32.22,45.51,2.72
2021,190,37.05,32.83,41.2,7.58
2021,191,36.78,30.3,42.53,0.05
2021,192,36.06,31.2,40.96,5.73
2021,193,32.02,29.06,34.81,33.96
2021,194,30.99,28.08,33.92,21.12
2021,195,33.66,27.86,39.76,0.62
2021,196,33.93,28.88,38.69,0.24
2021,197,34.56,29.42,40.04,0.06
2021,198,36.05,29.66,41.54,0
2021,199,37.28,31.72,43.13,3.86
2021,200,35.5,30.56,40.9,9.67
2021,201,31.01,28.12,34.25,42.3
2021,202,31.54,27.37,36.3,14.45
2021,203,32.97,28.17,37.96,1.9
2021,204,32.85,28.13,37.72,0
2021,205,33.87,28.61,38.87,2.14
2021,206,34.15,28.71,38.91,8.73
2021,207,33.3,29.36,37.24,4.61
2021,208,33.73,29.82,38.58,9.28
2021,209,32.82,28.68,37.97,12.05
2021,210,31.23,27.45,35.68,21.56
2021,211,31.63,28.08,35.65,1.93
2021,212,31.13,26.92,36.04,21.38
2021,213,31.91,27.03,36.16,7.98
2021,214,33.22,28.3,37.67,3.46
2021,215,32.66,27.5,37.59,3.04
2021,216,31.49,27.33,36.58,2.74
2021,217,32.03,27.82,36.16,16.1
2021,218,31.68,26.64,37.04,5.67
2021,219,32.19,27.79,37.18,0.48
2021,220,32.12,26.78,37.65,1.02
2021,221,31.72,26.81,36.88,1.89
2021,222,32.23,27.34,37.63,0.54
2021,223,33.34,27.07,39.53,0.01
2021,224,33.67,27.84,39.83,0.34
2021,225,34.12,28.37,40.1,0.01
2021,226,34.03,28.88,40.31,0.15
2021,227,32.65,28.35,37.53,4.74
2021,228,32.09,27.36,37.71,2.14
2021,229,32.82,26.74,39.5,0
2021,230,33.05,26.83,40.09,0.42
2021,231,33.27,26.56,40.83,0.44
2021,232,32.89,26.65,39.64,0.53
2021,233,31,26.13,36.67,7.76
2021,234,30.16,26.33,33.79,3.71
2021,235,31.85,27.34,36.63,0.05
2021,236,32.93,27.08,39.18,0
2021,237,34.17,26.61,41.47,0.03
2021,238,33.86,26.94,40.85,0.08
2021,239,34.24,27.67,41.38,0.35
2021,240,33.1,26.88,39.85,2.05
2021,241,32.74,26.97,39.48,0.81
2021,242,31.47,26.36,37.16,6.61
2021,243,29.83,25.54,33.95,11.6
2021,244,30.11,25.32,34.67,9.19
2021,245,30.5,24.99,35.19,4.58
2021,246,29.03,25.94,33.43,6.78
2021,247,30.29,24.23,36.47,0.78
2021,248,31.4,25.04,36.92,1.2
2021,249,32.15,26.29,38.12,0.53
2021,250,32.1,27.05,37.41,2.25
2021,251,31.07,27.15,36.46,8.42
2021,252,30.21,26.8,34.51,11.68
2021,253,28.46,25.64,31.54,62.62
2021,254,26.66,24.52,29.17,43.12
2021,255,27.69,24.05,31.29,9.67
2021,256,28.46,23.39,32.5,0.91
2021,257,28.95,24.55,33.37,0
2021,258,29.5,25.16,33.83,0.05
2021,259,29.75,24.43,34.81,0.12
2021,260,29.29,24.15,34.69,2.26
2021,261,28.78,23.42,33.27,0.21
2021,262,30.11,25.21,34.8,2.75
2021,263,29.83,25.26,33.9,6.69
2021,264,29.04,26.26,31.85,18.26
2021,265,27.31,24.03,30.91,14.43
2021,266,26.47,22.5,31.27,2.8
2021,267,27.19,22.64,31.92,1.03
2021,268,28.56,24.38,32.95,0
2021,269,28.29,23.31,33.44,0.16
2021,270,28.1,23.48,32.66,0.12
2021,271,28.75,23.86,33.77,0.15
2021,272,28.4,23.41,33.1,0.44
2021,273,29.42,24.5,34.03,1.25
2021,274,29.06,24.51,33.55,6.87
2021,275,28.34,24.84,32.2,55.29
2021,276,28.24,24.44,32.9,19.19
2021,277,28.13,24.09,32.51,2.18
2021,278,27.06,23.48,31.11,3.55
2021,279,26.73,23.23,31.34,0
2021,280,27.04,21.14,32.89,0
2021,281,27.09,21.13,33.24,0
2021,282,26.59,21.73,32.77,0
2021,283,26.32,20.9,33.58,0
2021,284,25.47,19.11,32.33,0.13
2021,285,25.97,20.5,32.23,0
2021,286,24.98,19.88,30.2,0
2021,287,24.5,18.39,31.52,0
2021,288,25.57,17.75,31.92,0
2021,289,26.21,20.43,32.63,0
2021,290,24.29,20.01,29.81,0.09
2021,291,22.65,18.54,28.21,1.01
2021,292,23.68,17.73,29.8,0
2021,293,24.7,19.29,31.68,0
2021,294,24.01,18.44,31.93,0
2021,295,23.28,15.91,31.86,0.06
2021,296,22.87,17.03,29.1,14.21
2021,297,21.41,17.79,25.66,4.2
2021,298,19.62,14.73,25.95,0.01
2021,299,19.55,12.21,26.48,0
2021,300,20.26,15.45,27.25,0
2021,301,20.04,13.18,27.88,0
2021,302,21.2,15.73,28.74,0
2021,303,20.11,13.52,28.51,0
2021,304,20.78,13.51,29.04,0
2021,305,20.17,13.3,28.4,0
2021,306,19.32,13.46,27.23,0.16
2021,307,19.27,14.9,26.84,0.01
2021,308,19.46,12.78,26.69,0
2021,309,20.82,16.5,28.24,0
2021,310,18.82,13.37,26.75,0
2021,311,19.6,11.86,28.51,0
2021,312,20.5,15.97,28.69,0
2021,313,21.05,15.09,29.41,0
2021,314,20.89,15.38,28.51,0
2021,315,19.94,15.85,28.19,0
2021,316,19.19,13.46,27.37,0
2021,317,19.2,13.32,27.31,0
2021,318,18.45,13.67,26.57,0
2021,319,17.38,12.27,25.54,0
2021,320,17.5,10.57,25.88,0
2021,321,17.96,12.82,25.81,0
2021,322,16.64,11.42,25.25,0
2021,323,16.97,11.39,24.63,0
2021,324,17.56,11.88,26.05,0
2021,325,17.09,11.2,26.35,0
2021,326,16.09,9.37,26.14,0
2021,327,17.48,10.14,26.36,0
2021,328,16.79,9.22,26.81,0
2021,329,15.9,10.18,24.99,0
2021,330,16.31,10.91,24.59,0
2021,331,16.28,10.36,23.43,0
2021,332,16.06,11.4,24.32,0
2021,333,16.06,11.25,24.57,0
2021,334,16.22,9.29,24.17,0
2021,335,16.49,12.41,22.9,0
2021,336,16.37,11.15,24.07,0
2021,337,15.94,9.99,23.98,0
2021,338,17.34,11.07,25.47,0
2021,339,16.64,11.23,23.34,0.35
2021,340,14.69,9.27,22.88,0
2021,341,14.06,7.28,23.42,0
2021,342,14.88,7.41,23.42,0
2021,343,15.17,10,23.36,0
2021,344,13.72,7.33,23.41,0
2021,345,14.05,6.07,22.94,0
2021,346,15.36,10.84,21.71,0
2021,347,14.25,9.48,20.75,0
2021,348,13.34,7.97,20,0
2021,349,12.13,7.61,19.82,0
2021,350,10.21,5.33,18.82,0
2021,351,8.88,3.08,17.98,0
2021,352,8.14,2.4,17.75,0
2021,353,8.28,1.18,17.48,0
2021,354,10.63,3.14,19.23,0
2021,355,12.44,6.57,19.43,0
2021,356,12.66,7.36,19.22,0
2021,357,13.59,7.85,22,0
2021,358,13.86,9.6,21.01,0
2021,359,14.89,9.29,21.9,0
2021,360,15.05,10.06,20.58,0.02
2021,361,12.54,7.07,20.38,0.03
2021,362,11.77,6.1,20.45,0
2021,363,10.8,4.19,20.14,0
2021,364,10.71,5.4,17.09,0
2021,365,12.04,6.34,19.48,0
2022,1,12.42,7.08,19.88,0
2022,2,12.92,7.68,20.77,0
2022,3,13.75,8.42,22.4,0
2022,4,12.59,9.81,17.66,1.13
2022,5,12.47,10.57,14.91,33.15
2022,6,13.96,10.89,18.83,1.87
2022,7,14.39,12.46,18.33,13.8
2022,8,13.58,9.05,16.43,39.77
2022,9,11.25,6.83,16.6,0.1
2022,10,10.94,7.06,16.63,0.1
2022,11,9.84,4.32,17.74,0
2022,12,11.16,4.92,18.74,0
2022,13,12.33,6.46,18.76,0
2022,14,11.64,6.44,18.38,0
2022,15,11.94,5.05,19.53,0
2022,16,12.37,6.83,19.2,0
2022,17,10.89,7.19,16.89,0
2022,18,11.9,5.82,19.83,0
2022,19,11.68,8.64,16.11,2.26
2022,20,12.25,6.76,18.57,0.25
2022,21,12.73,8.55,18.78,0.14
2022,22,11.13,7.63,15.81,12.4
2022,23,11.6,9.72,14.38,14.28
2022,24,10.96,7.44,15.33,0.25
2022,25,10.41,5.28,16.4,0.02
2022,26,10.48,4.68,16.9,0.01
2022,27,10.56,4.19,18.84,0
2022,28,10.71,3.39,19.02,0
2022,29,12.26,7.35,19.67,0
2022,30,11.95,5.01,20.79,0
2022,31,14.24,7.91,21.54,0
2022,32,13.15,7.99,20.94,0
2022,33,12.97,6.63,20.87,0.09
2022,34,11.34,9.04,13.83,8.51
2022,35,11.04,6.17,17.01,0.3
2022,36,12.25,5.77,18.84,0
2022,37,13.09,7.11,19.92,0
2022,38,13.51,8.29,21.3,0
2022,39,13.68,6.52,20.75,0
2022,40,14.17,9.45,20.85,0
2022,41,12.83,7.11,21.58,0
2022,42,12.17,4.14,21.11,0
2022,43,14.36,7,22.78,0
2022,44,14.76,7.15,23.38,0
2022,45,15.05,9.34,21.73,0
2022,46,15.74,10.25,22.81,0
2022,47,15.79,10.6,23.32,0
2022,48,16.45,10.24,24.28,0
2022,49,15.73,9.81,24.61,0
2022,50,15.67,9.25,24.38,0
2022,51,15.15,7.78,24.87,0
2022,52,16.18,8.22,24.88,0
2022,53,17.06,9.45,25.72,1.46
2022,54,16,9.17,23.6,0.01
2022,55,16.63,11.28,24.25,0.02
2022,56,16.71,10.98,24.56,1.59
2022,57,14.04,11.1,18.79,10.21
2022,58,14.22,7.79,22.54,0.02
2022,59,13.89,5.82,21.61,0
2022,60,17.4,11.25,25.19,0
2022,61,17.56,11.92,24.19,0.61
2022,62,16.07,12.44,22.26,5.27
2022,63,15.86,9.06,23.68,0
2022,64,17.2,8.69,26.12,0
2022,65,19.81,15.2,27.47,0.05
2022,66,19.93,13.75,28.12,0.43
2022,67,19.22,11.46,28.48,0
2022,68,20.18,12.95,29.7,0
2022,69,20.6,13.41,28.43,0
2022,70,21.83,14.68,30.91,0
2022,71,21.83,14.29,31.33,0
2022,72,24.17,16.36,33.3,0
2022,73,26.22,18.79,35.08,0
2022,74,25.95,19.5,35.14,0
2022,75,24.86,16.12,36.29,0
2022,76,26.84,15.67,38.19,0
2022,77,26.4,18.01,36.3,0
2022,78,27.03,18.8,36.31,0
2022,79,27.87,20.32,36.69,0
2022,80,27.21,20.38,36.31,0
2022,81,25.96,18.72,35.94,0
2022,82,26.41,17.9,36.43,0
2022,83,26.1,20.05,35.05,0
2022,84,25.15,16.48,35.24,0
2022,85,25,14.97,36.72,0
2022,86,27.59,18.77,38.42,0
2022,87,26.97,17.38,38.68,0
2022,88,28.51,18.57,39.06,0
2022,89,28.79,20.14,39.18,0
2022,90,27.85,20.24,38.65,0
2022,91,28.19,16.48,38.9,0
2022,92,28.92,20.15,39.41,0
2022,93,27.17,16.41,39.35,0
2022,94,28.23,18.22,39.75,0
2022,95,29.25,21.25,39.67,0
2022,96,30.61,22.31,40.01,0
2022,97,31.44,22.09,41.33,0
2022,98,31.51,22.65,42.29,0
2022,99,31.89,22.91,42.4,0
2022,100,32,23.49,42.82,0
2022,101,33.09,24.13,43.08,0
2022,102,32.33,25.74,41.33,0
2022,103,31.01,21.77,40.03,0
2022,104,31.71,22.76,41.03,0
2022,105,30.76,21.85,38.89,0
2022,106,31.84,23.06,39.64,0
2022,107,31.76,23.79,41.16,0
2022,108,33.35,25.02,42.6,0
2022,109,32.95,23.84,42.05,0
2022,110,33.19,25.21,41.44,0
2022,111,31.27,26.05,38.52,0.01
2022,112,30.41,23.28,38.16,0.24
2022,113,30.76,21.89,39.72,0
2022,114,31.56,22.27,40.75,0
2022,115,32.64,24.53,41.52,0
2022,116,33.14,25.83,41.76,0
2022,117,34.34,24.87,44.18,0
2022,118,36.68,26.78,45.75,0
2022,119,35.68,27.14,44.11,0
2022,120,36.3,28.54,45.18,0
2022,121,36.69,27.04,44.69,0
2022,122,35.4,25.62,44.56,0
2022,123,34.5,26.62,42.02,0.19
2022,124,32.75,26.77,38.81,2.84
2022,125,32.25,24.45,40,0.07
2022,126,33.48,25.7,41.27,0.51
2022,127,34.87,27.88,42.84,0.11
2022,128,36.1,27.56,44.38,0
2022,129,35.88,27.72,44,0
2022,130,35.4,27.62,43.15,0.46
2022,131,36.41,28.59,44.45,0
2022,132,37.68,29.59,46.54,0
2022,133,37.31,29.04,46.21,0
2022,134,37.42,27.25,47.56,0
2022,135,38.43,30.31,47.82,0
2022,136,36.46,28.05,44.8,0.01
2022,137,37.66,30.1,43.95,0
2022,138,36.62,29.19,43.71,0
2022,139,38.3,29.11,46.12,0
2022,140,37.52,29.72,46.09,0.03
2022,141,36.29,28.14,44.01,0.01
2022,142,36.32,27.53,43.37,0
2022,143,32.34,23.05,39.76,7.24
2022,144,26.74,22.74,31.93,0.86
2022,145,30.27,21.51,37.79,0
2022,146,33.93,25.6,40.91,0
2022,147,36.31,28.07,43.23,0
2022,148,37.52,30.47,44.4,2.09
2022,149,36.7,30.65,43.44,0.46
2022,150,35.77,28.42,42.85,0.25
2022,151,36.26,29.09,42.77,0.03
2022,152,36.45,27.44,43.99,0.14
2022,153,36.38,27.56,44.76,0
2022,154,37.17,28.08,44.99,0
2022,155,38.34,30.5,45.38,0
2022,156,38.1,30.2,46.22,0
2022,157,38.26,29.27,46.4,0
2022,158,38.84,29.72,47.1,0
2022,159,38.65,30.39,46.81,0
2022,160,38.83,29.87,47.2,0
2022,161,39.25,32.12,46.5,0
2022,162,39.39,30.74,46.8,0
2022,163,39.5,32.24,45.68,0.09
2022,164,39.04,32.85,45.66,0.88
2022,165,39.19,31.68,46.13,0
2022,166,39.89,33.16,46.54,0
2022,167,39.21,32.53,44.75,1.23
2022,168,34.41,31.07,36.89,14.45
2022,169,31.12,28.16,34.01,23.79
2022,170,31.15,26.5,35.75,1.46
2022,171,31.84,27.26,35.59,3.48
2022,172,29.06,25.87,32.07,14.71
2022,173,29.62,24.97,34.66,11.04
2022,174,31.05,23.98,38.58,0
2022,175,32.68,23.56,40.24,0
2022,176,35,28.7,41.57,0
2022,177,35.53,27.99,41.95,0
2022,178,36.04,28.93,41.93,0
2022,179,37.34,30.42,43.76,0
2022,180,37.9,31.23,44.4,0.02
2022,181,36.28,31.44,41.31,1.63
2022,182,30.23,27.96,32.54,18.03
2022,183,33.13,27.02,38.59,0.32
2022,184,33.51,29.78,37.23,2.61
2022,185,32.79,29.29,36.91,1.4
2022,186,35.2,30.16,40.16,2.58
2022,187,34.59,30.86,38.7,5.68
2022,188,34.63,29.94,39.56,0.92
2022,189,35.86,30.18,41.09,1.63
2022,190,35.74,31.08,40.33,0.92
2022,191,32.45,29.53,36,5.64
2022,192,33.88,28.75,39.4,0.26
2022,193,35.18,29.27,40.24,0.94
2022,194,35.04,30.24,39.74,4.33
2022,195,31.92,28.39,34.52,38.97
2022,196,29.03,26.2,32.03,43.01
2022,197,31.31,26.34,35.86,7.47
2022,198,31.11,27.83,34.34,2.68
2022,199,32.47,27.01,37.69,0.03
2022,200,33.1,28.09,38.27,1.59
2022,201,33.13,28.42,37.92,15.38
2022,202,30.19,27.44,33,49.5
2022,203,30.14,26.86,32.94,11.05
2022,204,29.44,27.12,32.09,12.54
2022,205,28.75,26.56,32,4.25
2022,206,29.31,25.55,32.45,2.07
2022,207,30.15,26.73,33.67,1.57
2022,208,30.27,26.26,33.9,6.02
2022,209,30.2,26.21,34.12,2.9
2022,210,29.31,26.51,32.78,16.24
2022,211,29.71,25.9,33.62,9.35
2022,212,29.49,26.8,32.69,11.21
2022,213,29.17,26.79,32.17,11.75
2022,214,30.07,25.53,34.22,0.3
2022,215,31.74,28.47,35.51,0.34
2022,216,30.54,26.83,33.99,1.53
2022,217,29.29,26.19,31.95,7.46
2022,218,29.62,26.52,32.94,19.99
2022,219,29.78,26.99,32.84,14.34
2022,220,29.04,26.37,31.26,15.54
2022,221,30.27,27.05,33.78,12.87
2022,222,31.29,27.06,35.59,2.78
2022,223,28.3,24.26,32.27,5.81
2022,224,29.39,23.32,35.44,0.66
2022,225,30.63,25.79,35.52,0
2022,226,30.3,26.36,34.34,0.79
2022,227,27.48,25.21,29.47,16.96
2022,228,28.54,24.29,32.58,0.29
2022,229,28.66,25.07,32.7,1.78
2022,230,30.02,26.47,33.92,1.32
2022,231,29.64,26.06,34,0.79
2022,232,28.87,25.01,32.92,16.05
2022,233,29.83,25.52,33.81,2.93
2022,234,30.78,25.91,35.35,0.1
2022,235,30.5,27.56,34,6.91
2022,236,28.76,26.08,32.23,4.82
2022,237,28.77,25.74,32.24,13.96
2022,238,29.23,25.24,33.6,0.27
2022,239,29.06,25.18,33.44,0.01
2022,240,29.24,25.28,33.77,12.78
2022,241,28.95,25.37,32.77,25.14
2022,242,29.16,25.42,33.47,6.09
2022,243,29.77,24.99,34.53,0.93
2022,244,30.38,25.44,34.91,0.19
2022,245,30.06,24.81,34.72,2.66
2022,246,29.74,25,34.45,2.75
2022,247,29.48,24.45,33.94,3.22
2022,248,28.88,25.15,32.87,5.77
2022,249,29.06,25.88,32.94,6.12
2022,250,29.59,25.39,33.93,0.09
2022,251,30.1,25.14,34.58,0.28
2022,252,30.07,24.71,35.06,0.65
2022,253,30.49,26.12,35.04,2.13
2022,254,29.32,24.92,34.18,3.52
2022,255,28.5,24.71,33.53,8.76
2022,256,29.41,25.18,34.42,0
2022,257,29.85,25.62,33.97,0.29
2022,258,29.28,24.76,34.01,1.46
2022,259,28.82,23.73,33.76,5.58
2022,260,28.78,23.48,35.27,2.8
2022,261,28.63,23.77,34.11,1.17
2022,262,29.17,23.75,34.97,0
2022,263,29.03,23.57,34.72,1.13
2022,264,29.58,25.5,34.96,0.61
2022,265,29.3,24.56,35.15,0.87
2022,266,29.03,25.7,33.3,14.64
2022,267,27.56,24.07,32.02,8.19
2022,268,26.51,23.32,31.74,7.01
2022,269,27.69,22.68,32.81,0.31
2022,270,27.8,22.21,33.18,3.91
2022,271,27.8,22.09,33.83,0.51
2022,272,27.71,22.26,34.25,0
2022,273,27.86,22.04,34.52,0
2022,274,27.76,21.38,35.13,0
2022,275,27.97,21.31,35.45,0
2022,276,28.07,21.8,35.57,0
2022,277,28.18,22.79,35.26,0
2022,278,28.14,22.67,35.66,0
2022,279,26.67,19.95,34.55,0
2022,280,26.18,19.89,33.29,0
2022,281,26.05,20.66,31.73,0.04
2022,282,26.64,21.03,32.77,0
2022,283,26.17,21.85,31.14,3.58
2022,284,25.16,20.04,31.28,4.99
2022,285,24.52,19.45,30.38,1
2022,286,24.91,19.23,32.02,0
2022,287,24.8,19.37,31.77,0
2022,288,25.05,18.54,32.92,0
2022,289,24.47,17.39,33.92,0
2022,290,23.95,17.15,33.55,0
2022,291,24.01,16.3,33.78,0
2022,292,23.66,16.83,32.86,0
2022,293,23.14,17,31.43,1.08
2022,294,22.91,17.4,30.9,0.3
2022,295,21.91,15.89,30.99,0
2022,296,22.43,17.04,31.37,0
2022,297,23.04,16.72,32.13,0
2022,298,23.67,17.75,32.81,0
2022,299,23.83,18.09,32.66,0
2022,300,23.69,18.16,32.65,0
2022,301,24.23,17.71,32.27,0
2022,302,24.22,17.54,31.97,0
2022,303,23.47,18.31,32.86,0
2022,304,22.55,15.11,32.33,0
2022,305,23.08,16.28,32.73,0
2022,306,22.77,16.3,31.98,0
2022,307,22.79,16.92,30.21,0
2022,308,23.73,17.99,32.76,0
2022,309,22.48,16.55,29.77,0.01
2022,310,21.15,17.64,25.94,3.68
2022,311,21.78,16.98,29.08,0.07
2022,312,21.99,15.79,30.16,0.03
2022,313,21.17,16.67,27.98,0.05
2022,314,18.32,15.22,24.14,0.29
2022,315,18.73,11.94,27.93,0
2022,316,18.91,12.02,28.58,0
2022,317,19.01,13.9,26.8,0
2022,318,18.1,14.87,22.93,5.99
2022,319,17.57,12.68,25.17,0.57
2022,320,16.85,10.97,24.15,0
2022,321,17.26,11.16,25.58,0
2022,322,17.05,11,24.66,0
2022,323,16.98,11.3,25.76,0
2022,324,16.92,10.33,26.36,0
2022,325,16.36,8.9,26.69,0
2022,326,16.16,8.91,26.67,0
2022,327,16.18,9.09,27.16,0
2022,328,17.36,10.58,26.68,0
2022,329,18.24,12.72,28.1,0
2022,330,17.35,10.96,26.99,0
2022,331,17.79,12.23,25.32,0
2022,332,17.57,11.39,25.65,0
2022,333,17.68,12.29,25.98,0
2022,334,17.48,11.93,26.23,0
2022,335,18.49,12.27,26.32,0
2022,336,18.59,13.7,25.36,0
2022,337,16.57,12.23,24.84,0
2022,338,16.46,11.61,25.11,0
2022,339,17.29,12.12,24.7,0
2022,340,15.98,10.18,25.85,0
2022,341,15.38,8.47,25.36,0
2022,342,16.45,10.59,24.21,0
2022,343,18.72,13.08,27.13,0.01
2022,344,18.94,14.13,26.97,0.02
2022,345,17.78,13.04,27.19,0
2022,346,16.18,11.01,25.41,0
2022,347,15.76,9.88,25.56,0
2022,348,13.95,6.84,24.11,0
2022,349,13.9,7.25,23.81,0
2022,350,15.46,8.35,24.05,0
2022,351,16.56,11.02,24.99,0
2022,352,16.47,10.28,24.57,0
2022,353,15.8,9.98,24.22,0
2022,354,14.94,10.31,23.3,0
2022,355,13.8,8.94,22.8,0
2022,356,13.38,7.88,21.84,0
2022,357,13.18,7.41,20.9,0
2022,358,10.64,5.15,19.08,0
2022,359,10.67,4.22,19.03,0
2022,360,11.18,6.07,20.23,0
2022,361,11.31,4.52,21.52,0
2022,362,12.83,5.1,22.75,0
2022,363,15.56,11.03,21.8,1.38
2022,364,13.89,9.21,21.04,0.39
2022,365,11.84,5.34,20.67,0
2023,1,11.95,7.25,18.56,0
2023,2,12.25,6.71,20.09,0
2023,3,11.41,5.84,19.16,0
2023,4,10.18,4.45,19.43,0
2023,5,10.64,3.14,20.05,0
2023,6,10.92,4.73,18.78,0
2023,7,12.08,5.81,21.77,0
2023,8,11.37,5.78,18.82,0
2023,9,11.16,5.91,17.82,0
2023,10,12.97,6.83,21.58,0
2023,11,14.23,10.55,20.59,0.83
2023,12,14.61,8.14,22.85,0.85
2023,13,11.57,4.45,19.18,3.79
2023,14,7.54,0.32,17.21,0
2023,15,8.19,0.79,18.16,0
2023,16,8.9,2.15,19.01,0
2023,17,9.22,2.13,19.31,0
2023,18,10.16,4.63,18.43,0
2023,19,12.72,6.44,21.54,0.03
2023,20,10.19,7.25,15.24,1.36
2023,21,10.83,4.27,19.32,0.03
2023,22,11.7,4.84,20.13,0
2023,23,11.63,7.34,18.78,0
2023,24,12.71,6.57,20.68,2.61
2023,25,11.82,7.09,19.6,0.92
2023,26,11.28,6.19,20.87,0.03
2023,27,11.28,3.05,21.76,0
2023,28,12.74,5.38,23.24,0
2023,29,11.44,4.61,17.83,2.89
2023,30,13.72,9.32,21.28,4.43
2023,31,13.31,8.49,22.29,0.96
2023,32,12.84,4.86,23.94,0
2023,33,14.42,6.41,25.73,0
2023,34,14.53,8.02,24.78,0
2023,35,15.92,7.95,26.81,0
2023,36,17.13,8.27,26.48,0
2023,37,17.31,11.45,26.45,0.01
2023,38,15.35,8.24,25.48,0.01
2023,39,15.26,8.45,24.47,0
2023,40,15.11,8.97,22.75,0.11
2023,41,16.37,8.84,26.59,0
2023,42,14.82,9.04,24.23,0
2023,43,12.7,6.48,21.84,0
2023,44,13.45,4.43,24.34,0
2023,45,16.74,8.57,27.86,0
2023,46,18.84,9.78,30.77,0
2023,47,20.57,12.19,30.83,0
2023,48,22.33,14.43,32.07,0
2023,49,22.72,13.89,32.71,0
2023,50,22.45,14.08,32.86,0
2023,51,21.99,14.11,31.83,0
2023,52,20.71,14.23,30.19,0.01
2023,53,18.41,11.57,27.48,0.01
2023,54,19.23,10.82,30.79,0
2023,55,20.75,13.35,30.8,0
2023,56,22.64,15.23,31.98,0
2023,57,22.44,14.98,32.12,0
2023,58,21.92,15.81,31.11,0.09
2023,59,19.92,15.49,26.66,0.52
2023,60,20.05,14.26,27.86,0.87
2023,61,19.81,14.17,26.66,0
2023,62,19.34,14.08,26.76,0
2023,63,20.98,13.99,28.79,0
2023,64,22.53,16.8,30.9,0
2023,65,22.38,14.27,31.55,0
2023,66,23.49,16.57,31.89,0
2023,67,24.02,15.85,32.01,0
2023,68,23.68,16.63,32.15,0.01
2023,69,24.57,15.9,32.9,0
2023,70,24.44,16,33.95,0
2023,71,24.59,15.51,34.45,0.02
2023,72,25.91,19.71,33.68,0
2023,73,26.33,20.28,34.57,0
2023,74,26.28,17.74,34.51,0
2023,75,24.41,17.91,32.36,0.19
2023,76,19.9,16.71,24.68,9.14
2023,77,20.05,15.96,25.96,1.08
2023,78,19.7,15.14,23.79,0.18
2023,79,21.02,15.71,27.4,1.57
2023,80,20.98,13.75,27.7,1.16
2023,81,22.13,16.36,29.15,0.18
2023,82,22.07,16.21,28.85,1.33
2023,83,20.27,17.16,26.73,26.82
2023,84,19.47,15.25,24.9,2.89
2023,85,19.75,12.63,27.49,0.03
2023,86,21.43,13.35,28.99,0
2023,87,22.88,17.24,30.16,0
2023,88,23.32,16.62,30.98,0.28
2023,89,24.42,17.42,32.56,0.84
2023,90,19.71,16.76,23.58,21.41
2023,91,19.69,16.2,23.98,14.38
2023,92,21.29,14.21,28.42,1.87
2023,93,21.9,17.16,27.6,3.58
2023,94,21.7,15.88,28.44,0.67
2023,95,23.03,14.47,31.27,0
2023,96,23.5,16.07,31.34,0.6
2023,97,23.44,15.22,32.38,0
2023,98,25.3,15.85,33.88,0
2023,99,27.31,20.5,34.94,0
2023,100,27.26,18.19,35.91,0
2023,101,28.91,21.73,36.84,0
2023,102,28.67,21.48,37.35,0
2023,103,28.09,18.75,38.18,0
2023,104,30.52,21.49,39.5,0
2023,105,31.76,23.18,40.15,0
2023,106,30.54,21.73,39.7,0
2023,107,30.17,20.35,39.39,0.26
2023,108,28.84,24.56,33.86,0.96
2023,109,25.17,21.11,30.82,2.06
2023,110,26.06,20.18,33.11,1.39
2023,111,25.22,17.1,33.56,0.04
2023,112,25.86,18.22,34.38,0
2023,113,26.41,17.13,34.82,0
2023,114,27.54,18.91,36.53,0
2023,115,27.51,17.93,37.07,0
2023,116,29.5,20.33,38.25,0
2023,117,26.98,21.93,36.13,0.17
2023,118,27.58,21.43,34.73,0.03
2023,119,26.74,22.04,33.82,0.75
2023,120,25.55,20.57,30.27,0.26
2023,121,24.62,20.85,28.95,1.83
2023,122,23.15,19.38,27.38,2.17
2023,123,24.03,18.36,30.17,5.32
2023,124,25.95,18.75,32.81,1.57
2023,125,27.14,20.67,33.33,8.74
2023,126,28.75,21.92,35.38,4.5
2023,127,28.69,21.54,37.05,0.55
2023,128,27.49,19.91,35.82,0.02
2023,129,27.54,18.78,36.78,0
2023,130,27.99,18.04,38.55,0
2023,131,30.43,18.2,41.58,0
2023,132,31.84,22.14,41.61,0
2023,133,33.44,24.56,42.44,0
2023,134,32.16,24.15,40.39,0.06
2023,135,33.34,23.9,42.18,0
2023,136,33.44,25.87,41.18,0
2023,137,33.52,25.12,41.8,0.25
2023,138,30.84,25.2,37.14,1.76
2023,139,31.88,23.45,40.08,0
2023,140,33.44,24.24,42.8,0
2023,141,36.53,28.33,45.35,0
2023,142,37.5,27.94,46.63,0
2023,143,36.39,30.05,43.94,0.76
2023,144,33.66,27.36,39.16,2.01
2023,145,31.07,24.77,37.72,7.03
2023,146,30.9,23.9,37.6,0.66
2023,147,30.31,24.15,37.53,2.88
2023,148,30.63,23.94,36.82,0.04
2023,149,28.17,24.69,32.35,1.36
2023,150,27.39,23.04,31.65,1.61
2023,151,24.33,21.5,27.75,15.83
2023,152,24.2,20.7,28.23,6.86
2023,153,26.86,20.11,32.26,1.3
2023,154,30.74,23.3,37.08,0
2023,155,32.45,24.97,39.48,0
2023,156,33.06,25.05,40.28,0.01
2023,157,33.06,26.79,39.08,6.04
2023,158,30.21,25.57,34.81,10.81
2023,159,32.86,25.26,39.25,0.09
2023,160,35.45,27.64,42.23,0
2023,161,36.58,30.06,43.17,1.76
2023,162,34.77,29.19,40.34,1.82
2023,163,35.45,28.45,42.01,0
2023,164,37.1,29.71,44.25,0.65
2023,165,36.1,29.09,42.73,0.61
2023,166,31.39,28.75,33.97,60.31
2023,167,32.9,27.16,38.27,0.49
2023,168,34.85,28.87,40.59,0
2023,169,35.01,28.39,40.99,0.34
2023,170,35.13,30.19,40.37,5.74
2023,171,36.82,30.2,42.96,0
2023,172,37.72,31.46,43.25,0
2023,173,37.95,30.64,44.57,0.18
2023,174,38.42,31.55,44.52,0.02
2023,175,38.44,31.93,44.64,0
2023,176,37.5,30.7,43.84,19.99
2023,177,29.02,27.71,30.7,96.17
2023,178,31.22,27.15,35.13,2.88
2023,179,31.94,26.99,36.23,1.26
2023,180,32.89,28.14,36.71,4.9
2023,181,33.4,28.71,37.65,0.85
2023,182,32.41,27.33,36.47,2.84
2023,183,33.6,28.54,38.7,0.46
2023,184,33.83,28.48,38.19,12.35
2023,185,34.12,28.75,40.29,4.57
2023,186,30.39,27.23,33.67,88.05
2023,187,29.94,25.63,33.78,19.14
2023,188,28.98,25.79,32.3,28.48
2023,189,28.29,26.26,30.91,15.81
2023,190,28.15,25.02,31.89,8.13
2023,191,29.72,26.04,34.18,1.77
2023,192,30.73,25.4,35.64,0.04
2023,193,30.94,25.65,35.99,0
2023,194,30.64,26.34,34.36,1.01
2023,195,30.35,27,33.58,1.37
2023,196,30.63,26.67,34.31,14.29
2023,197,30.56,27.09,33.63,21.22
2023,198,30.84,26.96,34.4,4
2023,199,30.75,26.84,34.86,1.14
2023,200,28.79,27.23,31.12,22.47
2023,201,29.32,26.36,32.11,4.66
2023,202,30.15,26.93,33.3,10.33
2023,203,28.06,25.93,29.63,52.57
2023,204,29.91,25.77,33.42,22.5
2023,205,30.59,27.03,34.02,3.03
2023,206,29.23,26.93,31.27,7.36
2023,207,28.38,25.86,31.48,29.61
2023,208,29.14,26.02,32.44,15.93
2023,209,29.6,26.21,32.93,9.24
2023,210,29.38,25.98,32.35,28.58
2023,211,30.24,26.25,33.76,2.6
2023,212,31.28,27.14,34.85,0.14
2023,213,31.64,27.04,35.65,3.97
2023,214,31.54,27.53,35.66,7.84
2023,215,31.11,27.09,35.04,7.12
2023,216,31.19,27.47,35.1,2.92
2023,217,30.68,26.7,34.18,37.34
2023,218,31.16,27.01,35.25,9.95
2023,219,31.2,27.2,34.73,1.29
2023,220,31.28,27.28,35.24,0.07
2023,221,30.97,27.16,34.79,0.83
2023,222,30.11,26.53,34.08,2.06
2023,223,29.9,25.68,34.13,0.88
2023,224,30.52,25.87,35.32,0.82
2023,225,30.63,26.16,35.13,1.32
2023,226,29.57,26.17,33.67,3.09
2023,227,29.7,25.26,34.3,2.35
2023,228,30.24,25.59,33.97,2.87
2023,229,30.96,26.71,34.96,0.46
2023,230,30.79,25.96,35.97,0
2023,231,30.08,26.03,34.15,0.18
2023,232,31.1,27.53,34.59,0.96
2023,233,30.92,26.62,35.23,0.76
2023,234,31.86,26.23,37.06,0.27
2023,235,31.79,26.81,37.58,0.25
2023,236,30.14,26.06,34.59,3.47
2023,237,30.05,25.15,35.44,5.38
2023,238,29.5,24.82,33.71,14.37
2023,239,30.12,26.34,33.69,5.79
2023,240,30.07,26.56,34.23,9.33
2023,241,29.16,24.22,33.68,9.34
2023,242,29.82,24.75,34.83,0.09
2023,243,29.92,23.99,35.76,0.18
2023,244,30.34,24.33,36.38,0.07
2023,245,29.54,23.68,35.63,0.08
2023,246,29.72,23.67,35.68,0.02
2023,247,30.41,25.14,36.56,0
2023,248,29.69,23.86,35.78,0.37
2023,249,29.98,23.81,35.97,0
2023,250,30.09,24.6,35.76,0
2023,251,29.8,24.49,35.76,0.74
2023,252,29.85,24.03,36.17,0.7
2023,253,29.97,24.75,35.67,2.07
2023,254,30.32,24.73,36.21,1.28
2023,255,31.25,25.53,36.99,1.78
2023,256,30.93,25.27,37.31,0.77
2023,257,30.81,26,35.95,2.18
2023,258,30.71,26.39,35.89,3.51
2023,259,29.9,25.7,34.85,1.84
2023,260,28.98,24.79,34.11,6.79
2023,261,27.89,25.58,30.99,29.41
2023,262,28.2,24.8,31.62,33.95
2023,263,29.04,24.53,33.57,7.18
2023,264,29.12,24.6,33.95,1.32
2023,265,29.08,24.88,33.82,7.7
2023,266,28.16,24.86,31.94,38.82
2023,267,27.54,23.75,32.08,1.97
2023,268,26.82,22.85,31.34,0.15
2023,269,26.95,22.34,31.86,0
2023,270,26.88,22.25,32.1,0
2023,271,26.47,21.62,33.12,0
2023,272,26.22,20.73,32.78,0
2023,273,25.68,19.76,31.65,0
2023,274,26.1,19.98,32.59,0
2023,275,25.84,20.39,32.91,0
2023,276,25.35,19.82,32.03,0
2023,277,25.93,18.89,33.21,0
2023,278,26.21,18.29,34.18,0
2023,279,24.69,17.46,33.41,0
2023,280,25.14,18.17,33.5,0
2023,281,26.35,20.04,33.72,0
2023,282,26.64,21.64,32.57,5.36
2023,283,24.96,20.49,30.37,11.81
2023,284,24.95,17.89,31.93,0
2023,285,23.85,17.14,32,0
2023,286,23.92,17.71,31.62,0
2023,287,23.97,19.04,31.04,28.39
2023,288,23.1,18.26,29.18,0.36
2023,289,22.1,18.9,27.03,17.47
2023,290,20.53,17.06,25.23,8.78
2023,291,20.19,14.35,26.12,0
2023,292,21.15,15.72,27.17,0
2023,293,21.29,15.42,27.7,0
2023,294,21.87,16.38,28.64,0
2023,295,21.51,16.54,27.42,0.51
2023,296,21.74,16.3,27.21,0
2023,297,22.72,17.74,28.41,0
2023,298,23.03,17.11,29.14,0
2023,299,23.14,16.96,30.67,0
2023,300,22.61,17.38,29.46,0
2023,301,22.4,16.7,29.36,0
2023,302,22.35,17.07,29.6,0
2023,303,21.78,17.22,28.2,0
2023,304,21.64,17.16,28.05,0
2023,305,22.49,17.76,28.8,0
2023,306,22.36,18.64,27.19,0
2023,307,21.42,17.71,26.55,0
2023,308,22.11,16.41,28.34,0
2023,309,22.08,16.52,28.79,0
2023,310,20.89,15.26,26.93,0
2023,311,21.24,17.9,26.09,0
2023,312,21.78,17.63,27.44,0
2023,313,22.06,17.99,28.49,0
2023,314,17.7,14.38,19.73,18.63
2023,315,18.46,13.08,24.7,0.02
2023,316,19.05,13.91,25.06,0
2023,317,18.81,13.87,24.96,0
2023,318,18.67,13.33,25.24,0
2023,319,18.79,12.26,25.57,0
2023,320,19.52,14.16,25.46,0
2023,321,19.1,13.74,26.29,0
2023,322,18.48,13.51,25.86,0
2023,323,18.62,14.28,25.56,0
2023,324,17.81,13.54,24.09,0
2023,325,17.19,12.35,25.02,0
2023,326,16.81,10.26,24.29,0
2023,327,16.69,10.49,24.79,0
2023,328,16.9,12.38,23.67,0
2023,329,16.91,12.92,23.07,0
2023,330,15.82,13.23,19.49,0
2023,331,15.16,13,19.49,0
2023,332,16.86,11.63,23.95,0
2023,333,18.69,12.23,25.77,0.01
2023,334,17.39,13.77,21.88,2.76
2023,335,16.67,11.8,23.84,0
2023,336,16.54,10.59,24.21,0
2023,337,17.48,12.56,23.65,0
2023,338,17.47,12.26,23.89,0
2023,339,16.26,12.16,23.38,0
2023,340,15.37,9.42,23.41,0
2023,341,15.4,10.04,23.12,0
2023,342,15.73,10.43,22.69,0
2023,343,15.76,10.56,22.92,0
2023,344,13.78,7.07,23.04,0
2023,345,14.45,9.6,22.49,0
2023,346,12.52,6.99,20.97,0
2023,347,13.47,8.95,21.64,0
2023,348,13.18,8.63,19.82,0
2023,349,14.15,10.14,19.83,0
2023,350,12.37,8.61,18.93,0.07
2023,351,12.48,8.03,20.24,0.1
2023,352,11.57,5.16,21.12,0
2023,353,11.26,4.68,21.38,0
2023,354,12.52,7.23,22.13,0
2023,355,13.66,8.35,21.47,0
2023,356,13.34,9.26,19.87,0
2023,357,14.47,8.26,21.32,0
2023,358,13.26,9.51,19.13,0
2023,359,14.43,6.74,23.02,0
2023,360,15.95,9.92,23.09,0
2023,361,14.6,9.49,21.63,0
2023,362,13.03,7.24,21.74,0
2023,363,13.35,7.79,20.53,0
2023,364,12.95,8.34,19.33,0
2023,365,12.85,8.34,19.62,0
